
-- *** STRUCTURE: `tbl_fields_author` ***
DROP TABLE IF EXISTS `tbl_fields_author`;
CREATE TABLE `tbl_fields_author` (
  `id` int(11) unsigned NOT NULL AUTO_INCREMENT,
  `field_id` int(11) unsigned NOT NULL,
  `allow_author_change` enum('yes','no') COLLATE utf8_unicode_ci NOT NULL,
  `allow_multiple_selection` enum('yes','no') COLLATE utf8_unicode_ci NOT NULL DEFAULT 'no',
  PRIMARY KEY (`id`),
  UNIQUE KEY `field_id` (`field_id`)
) ENGINE=MyISAM AUTO_INCREMENT=8 DEFAULT CHARSET=utf8 COLLATE=utf8_unicode_ci;

-- *** DATA: `tbl_fields_author` ***
INSERT INTO `tbl_fields_author` (`id`, `field_id`, `allow_author_change`, `allow_multiple_selection`) VALUES (6, 21, 'yes', 'no');
INSERT INTO `tbl_fields_author` (`id`, `field_id`, `allow_author_change`, `allow_multiple_selection`) VALUES (7, 30, 'yes', 'no');

-- *** STRUCTURE: `tbl_fields_checkbox` ***
DROP TABLE IF EXISTS `tbl_fields_checkbox`;
CREATE TABLE `tbl_fields_checkbox` (
  `id` int(11) unsigned NOT NULL AUTO_INCREMENT,
  `field_id` int(11) unsigned NOT NULL,
  `default_state` enum('on','off') COLLATE utf8_unicode_ci NOT NULL DEFAULT 'on',
  `description` varchar(255) COLLATE utf8_unicode_ci DEFAULT NULL,
  PRIMARY KEY (`id`),
  KEY `field_id` (`field_id`)
) ENGINE=MyISAM AUTO_INCREMENT=19 DEFAULT CHARSET=utf8 COLLATE=utf8_unicode_ci;

-- *** DATA: `tbl_fields_checkbox` ***
INSERT INTO `tbl_fields_checkbox` (`id`, `field_id`, `default_state`, `description`) VALUES (7, 10, 'on', NULL);
INSERT INTO `tbl_fields_checkbox` (`id`, `field_id`, `default_state`, `description`) VALUES (14, 22, 'on', NULL);
INSERT INTO `tbl_fields_checkbox` (`id`, `field_id`, `default_state`, `description`) VALUES (15, 23, 'off', NULL);
INSERT INTO `tbl_fields_checkbox` (`id`, `field_id`, `default_state`, `description`) VALUES (16, 33, 'on', NULL);
INSERT INTO `tbl_fields_checkbox` (`id`, `field_id`, `default_state`, `description`) VALUES (17, 34, 'off', NULL);
INSERT INTO `tbl_fields_checkbox` (`id`, `field_id`, `default_state`, `description`) VALUES (18, 49, 'off', NULL);

-- *** STRUCTURE: `tbl_fields_date` ***
DROP TABLE IF EXISTS `tbl_fields_date`;
CREATE TABLE `tbl_fields_date` (
  `id` int(11) unsigned NOT NULL AUTO_INCREMENT,
  `field_id` int(11) unsigned NOT NULL,
  `pre_populate` enum('yes','no') COLLATE utf8_unicode_ci NOT NULL DEFAULT 'no',
  `calendar` enum('yes','no') COLLATE utf8_unicode_ci NOT NULL DEFAULT 'no',
  PRIMARY KEY (`id`),
  KEY `field_id` (`field_id`)
) ENGINE=MyISAM AUTO_INCREMENT=11 DEFAULT CHARSET=utf8 COLLATE=utf8_unicode_ci;

-- *** DATA: `tbl_fields_date` ***
INSERT INTO `tbl_fields_date` (`id`, `field_id`, `pre_populate`, `calendar`) VALUES (6, 20, 'yes', 'no');
INSERT INTO `tbl_fields_date` (`id`, `field_id`, `pre_populate`, `calendar`) VALUES (7, 29, 'yes', 'no');
INSERT INTO `tbl_fields_date` (`id`, `field_id`, `pre_populate`, `calendar`) VALUES (8, 45, 'yes', 'no');
INSERT INTO `tbl_fields_date` (`id`, `field_id`, `pre_populate`, `calendar`) VALUES (9, 54, 'yes', 'no');
INSERT INTO `tbl_fields_date` (`id`, `field_id`, `pre_populate`, `calendar`) VALUES (10, 65, 'no', 'no');

-- *** STRUCTURE: `tbl_fields_enhancedtaglist` ***
DROP TABLE IF EXISTS `tbl_fields_enhancedtaglist`;
CREATE TABLE `tbl_fields_enhancedtaglist` (
  `id` int(11) unsigned NOT NULL AUTO_INCREMENT,
  `field_id` int(11) unsigned NOT NULL,
  `validator` varchar(100) DEFAULT NULL,
  `pre_populate_source` varchar(255) DEFAULT NULL,
  `pre_populate_min` int(11) unsigned NOT NULL,
  `external_source_url` varchar(255) DEFAULT NULL,
  `external_source_path` varchar(255) DEFAULT NULL,
  `ordered` enum('yes','no') NOT NULL DEFAULT 'no',
  `delimiter` varchar(5) NOT NULL DEFAULT ',',
  PRIMARY KEY (`id`),
  KEY `field_id` (`field_id`)
) ENGINE=MyISAM AUTO_INCREMENT=15 DEFAULT CHARSET=utf8;

-- *** DATA: `tbl_fields_enhancedtaglist` ***
INSERT INTO `tbl_fields_enhancedtaglist` (`id`, `field_id`, `validator`, `pre_populate_source`, `pre_populate_min`, `external_source_url`, `external_source_path`, `ordered`, `delimiter`) VALUES (12, 19, NULL, 'existing', 0, NULL, NULL, 'no', ',');
INSERT INTO `tbl_fields_enhancedtaglist` (`id`, `field_id`, `validator`, `pre_populate_source`, `pre_populate_min`, `external_source_url`, `external_source_path`, `ordered`, `delimiter`) VALUES (14, 32, NULL, 'existing', 0, NULL, NULL, 'no', ',');

-- *** STRUCTURE: `tbl_fields_input` ***
DROP TABLE IF EXISTS `tbl_fields_input`;
CREATE TABLE `tbl_fields_input` (
  `id` int(11) unsigned NOT NULL AUTO_INCREMENT,
  `field_id` int(11) unsigned NOT NULL,
  `validator` varchar(100) COLLATE utf8_unicode_ci DEFAULT NULL,
  PRIMARY KEY (`id`),
  KEY `field_id` (`field_id`)
) ENGINE=MyISAM AUTO_INCREMENT=48 DEFAULT CHARSET=utf8 COLLATE=utf8_unicode_ci;

-- *** DATA: `tbl_fields_input` ***
INSERT INTO `tbl_fields_input` (`id`, `field_id`, `validator`) VALUES (27, 1, NULL);
INSERT INTO `tbl_fields_input` (`id`, `field_id`, `validator`) VALUES (10, 3, NULL);
INSERT INTO `tbl_fields_input` (`id`, `field_id`, `validator`) VALUES (11, 5, NULL);
INSERT INTO `tbl_fields_input` (`id`, `field_id`, `validator`) VALUES (23, 11, NULL);
INSERT INTO `tbl_fields_input` (`id`, `field_id`, `validator`) VALUES (24, 12, NULL);
INSERT INTO `tbl_fields_input` (`id`, `field_id`, `validator`) VALUES (25, 24, NULL);
INSERT INTO `tbl_fields_input` (`id`, `field_id`, `validator`) VALUES (26, 26, NULL);
INSERT INTO `tbl_fields_input` (`id`, `field_id`, `validator`) VALUES (17, 37, NULL);
INSERT INTO `tbl_fields_input` (`id`, `field_id`, `validator`) VALUES (16, 39, NULL);
INSERT INTO `tbl_fields_input` (`id`, `field_id`, `validator`) VALUES (28, 42, NULL);
INSERT INTO `tbl_fields_input` (`id`, `field_id`, `validator`) VALUES (29, 43, '/^\\w(?:\\.?[\\w%+-]+)*@\\w(?:[\\w-]*\\.)+?[a-z]{2,}$/i');
INSERT INTO `tbl_fields_input` (`id`, `field_id`, `validator`) VALUES (30, 44, '/^[^\\s:\\/?#]+:(?:\\/{2,3})?[^\\s.\\/?#]+(?:\\.[^\\s.\\/?#]+)*(?:\\/[^\\s?#]*\\??[^\\s?#]*(#[^\\s#]*)?)?$/');
INSERT INTO `tbl_fields_input` (`id`, `field_id`, `validator`) VALUES (31, 50, NULL);
INSERT INTO `tbl_fields_input` (`id`, `field_id`, `validator`) VALUES (32, 51, '/^\\w(?:\\.?[\\w%+-]+)*@\\w(?:[\\w-]*\\.)+?[a-z]{2,}$/i');
INSERT INTO `tbl_fields_input` (`id`, `field_id`, `validator`) VALUES (33, 52, NULL);
INSERT INTO `tbl_fields_input` (`id`, `field_id`, `validator`) VALUES (34, 56, NULL);
INSERT INTO `tbl_fields_input` (`id`, `field_id`, `validator`) VALUES (36, 59, NULL);
INSERT INTO `tbl_fields_input` (`id`, `field_id`, `validator`) VALUES (37, 63, NULL);
INSERT INTO `tbl_fields_input` (`id`, `field_id`, `validator`) VALUES (38, 64, '/^[^\\s:\\/?#]+:(?:\\/{2,3})?[^\\s.\\/?#]+(?:\\.[^\\s.\\/?#]+)*(?:\\/[^\\s?#]*\\??[^\\s?#]*(#[^\\s#]*)?)?$/');
INSERT INTO `tbl_fields_input` (`id`, `field_id`, `validator`) VALUES (39, 66, NULL);
INSERT INTO `tbl_fields_input` (`id`, `field_id`, `validator`) VALUES (40, 67, NULL);
INSERT INTO `tbl_fields_input` (`id`, `field_id`, `validator`) VALUES (41, 71, NULL);
INSERT INTO `tbl_fields_input` (`id`, `field_id`, `validator`) VALUES (42, 73, NULL);
INSERT INTO `tbl_fields_input` (`id`, `field_id`, `validator`) VALUES (43, 74, NULL);
INSERT INTO `tbl_fields_input` (`id`, `field_id`, `validator`) VALUES (44, 75, NULL);
INSERT INTO `tbl_fields_input` (`id`, `field_id`, `validator`) VALUES (45, 76, NULL);
INSERT INTO `tbl_fields_input` (`id`, `field_id`, `validator`) VALUES (46, 77, NULL);
INSERT INTO `tbl_fields_input` (`id`, `field_id`, `validator`) VALUES (47, 78, NULL);

-- *** STRUCTURE: `tbl_fields_number` ***
DROP TABLE IF EXISTS `tbl_fields_number`;
CREATE TABLE `tbl_fields_number` (
  `id` int(11) unsigned NOT NULL AUTO_INCREMENT,
  `field_id` int(11) unsigned NOT NULL,
  PRIMARY KEY (`id`),
  UNIQUE KEY `field_id` (`field_id`)
) ENGINE=MyISAM DEFAULT CHARSET=utf8;

-- *** DATA: `tbl_fields_number` ***

-- *** STRUCTURE: `tbl_fields_order_entries` ***
DROP TABLE IF EXISTS `tbl_fields_order_entries`;
CREATE TABLE `tbl_fields_order_entries` (
  `id` int(11) unsigned NOT NULL AUTO_INCREMENT,
  `field_id` int(11) unsigned NOT NULL,
  `force_sort` enum('yes','no') DEFAULT 'no',
  PRIMARY KEY (`id`),
  UNIQUE KEY `field_id` (`field_id`)
) ENGINE=MyISAM AUTO_INCREMENT=4 DEFAULT CHARSET=utf8;

-- *** DATA: `tbl_fields_order_entries` ***
INSERT INTO `tbl_fields_order_entries` (`id`, `field_id`, `force_sort`) VALUES (3, 9, NULL);

-- *** STRUCTURE: `tbl_fields_pages` ***
DROP TABLE IF EXISTS `tbl_fields_pages`;
CREATE TABLE `tbl_fields_pages` (
  `id` int(11) unsigned NOT NULL AUTO_INCREMENT,
  `field_id` int(11) unsigned NOT NULL,
  `allow_multiple_selection` enum('yes','no') NOT NULL DEFAULT 'no',
  PRIMARY KEY (`id`),
  UNIQUE KEY `field_id` (`field_id`)
) ENGINE=MyISAM AUTO_INCREMENT=4 DEFAULT CHARSET=utf8;

-- *** DATA: `tbl_fields_pages` ***
INSERT INTO `tbl_fields_pages` (`id`, `field_id`, `allow_multiple_selection`) VALUES (3, 4, 'no');

-- *** STRUCTURE: `tbl_fields_referencelink` ***
DROP TABLE IF EXISTS `tbl_fields_referencelink`;
CREATE TABLE `tbl_fields_referencelink` (
  `id` int(11) unsigned NOT NULL AUTO_INCREMENT,
  `field_id` int(11) unsigned NOT NULL,
  `related_field_id` varchar(255) NOT NULL,
  `limit` int(4) unsigned NOT NULL DEFAULT '20',
  `field_type` enum('select','autocomplete') NOT NULL DEFAULT 'select',
  `allow_multiple_selection` enum('yes','no') NOT NULL DEFAULT 'no',
  PRIMARY KEY (`id`),
  KEY `field_id` (`field_id`)
) ENGINE=MyISAM AUTO_INCREMENT=9 DEFAULT CHARSET=utf8;

-- *** DATA: `tbl_fields_referencelink` ***
INSERT INTO `tbl_fields_referencelink` (`id`, `field_id`, `related_field_id`, `limit`, `field_type`, `allow_multiple_selection`) VALUES (7, 15, 24, 20, 'autocomplete', 'yes');
INSERT INTO `tbl_fields_referencelink` (`id`, `field_id`, `related_field_id`, `limit`, `field_type`, `allow_multiple_selection`) VALUES (8, 16, 24, 20, 'autocomplete', 'yes');

-- *** STRUCTURE: `tbl_fields_reflection` ***
DROP TABLE IF EXISTS `tbl_fields_reflection`;
CREATE TABLE `tbl_fields_reflection` (
  `id` int(11) unsigned NOT NULL AUTO_INCREMENT,
  `field_id` int(11) unsigned NOT NULL,
  `expression` varchar(255) DEFAULT NULL,
  `formatter` varchar(255) DEFAULT NULL,
  `override` enum('yes','no') DEFAULT 'no',
  `hide` enum('yes','no') DEFAULT 'no',
  PRIMARY KEY (`id`),
  KEY `field_id` (`field_id`)
) ENGINE=MyISAM DEFAULT CHARSET=utf8;

-- *** DATA: `tbl_fields_reflection` ***

-- *** STRUCTURE: `tbl_fields_select` ***
DROP TABLE IF EXISTS `tbl_fields_select`;
CREATE TABLE `tbl_fields_select` (
  `id` int(11) unsigned NOT NULL AUTO_INCREMENT,
  `field_id` int(11) unsigned NOT NULL,
  `allow_multiple_selection` enum('yes','no') COLLATE utf8_unicode_ci NOT NULL DEFAULT 'no',
  `static_options` text COLLATE utf8_unicode_ci,
  `dynamic_options` int(11) unsigned DEFAULT NULL,
  PRIMARY KEY (`id`),
  KEY `field_id` (`field_id`)
) ENGINE=MyISAM AUTO_INCREMENT=2 DEFAULT CHARSET=utf8 COLLATE=utf8_unicode_ci;

-- *** DATA: `tbl_fields_select` ***
INSERT INTO `tbl_fields_select` (`id`, `field_id`, `allow_multiple_selection`, `static_options`, `dynamic_options`) VALUES (1, 72, 'no', 'Design Studio, Web Design Firm, Organization, Advertising Agency, Employer', NULL);

-- *** STRUCTURE: `tbl_fields_selectbox_link` ***
DROP TABLE IF EXISTS `tbl_fields_selectbox_link`;
CREATE TABLE `tbl_fields_selectbox_link` (
  `id` int(11) unsigned NOT NULL AUTO_INCREMENT,
  `field_id` int(11) unsigned NOT NULL,
  `allow_multiple_selection` enum('yes','no') NOT NULL DEFAULT 'no',
  `related_field_id` varchar(255) NOT NULL,
  `limit` int(4) unsigned NOT NULL DEFAULT '20',
  PRIMARY KEY (`id`),
  KEY `field_id` (`field_id`)
) ENGINE=MyISAM AUTO_INCREMENT=18 DEFAULT CHARSET=utf8;

-- *** DATA: `tbl_fields_selectbox_link` ***
INSERT INTO `tbl_fields_selectbox_link` (`id`, `field_id`, `allow_multiple_selection`, `related_field_id`, `limit`) VALUES (5, 8, 'no', 1, 20);
INSERT INTO `tbl_fields_selectbox_link` (`id`, `field_id`, `allow_multiple_selection`, `related_field_id`, `limit`) VALUES (11, 17, 'no', 3, 20);
INSERT INTO `tbl_fields_selectbox_link` (`id`, `field_id`, `allow_multiple_selection`, `related_field_id`, `limit`) VALUES (13, 25, 'no', 37, 20);
INSERT INTO `tbl_fields_selectbox_link` (`id`, `field_id`, `allow_multiple_selection`, `related_field_id`, `limit`) VALUES (14, 31, 'no', 39, 20);
INSERT INTO `tbl_fields_selectbox_link` (`id`, `field_id`, `allow_multiple_selection`, `related_field_id`, `limit`) VALUES (12, 18, 'no', 39, 20);
INSERT INTO `tbl_fields_selectbox_link` (`id`, `field_id`, `allow_multiple_selection`, `related_field_id`, `limit`) VALUES (15, 46, 'no', 11, 20);
INSERT INTO `tbl_fields_selectbox_link` (`id`, `field_id`, `allow_multiple_selection`, `related_field_id`, `limit`) VALUES (16, 47, 'no', 24, 20);
INSERT INTO `tbl_fields_selectbox_link` (`id`, `field_id`, `allow_multiple_selection`, `related_field_id`, `limit`) VALUES (17, 68, 'no', 37, 20);

-- *** STRUCTURE: `tbl_fields_taglist` ***
DROP TABLE IF EXISTS `tbl_fields_taglist`;
CREATE TABLE `tbl_fields_taglist` (
  `id` int(11) unsigned NOT NULL AUTO_INCREMENT,
  `field_id` int(11) unsigned NOT NULL,
  `validator` varchar(100) COLLATE utf8_unicode_ci DEFAULT NULL,
  `pre_populate_source` varchar(15) COLLATE utf8_unicode_ci DEFAULT NULL,
  PRIMARY KEY (`id`),
  KEY `field_id` (`field_id`),
  KEY `pre_populate_source` (`pre_populate_source`)
) ENGINE=MyISAM DEFAULT CHARSET=utf8 COLLATE=utf8_unicode_ci;

-- *** DATA: `tbl_fields_taglist` ***

-- *** STRUCTURE: `tbl_fields_textarea` ***
DROP TABLE IF EXISTS `tbl_fields_textarea`;
CREATE TABLE `tbl_fields_textarea` (
  `id` int(11) unsigned NOT NULL AUTO_INCREMENT,
  `field_id` int(11) unsigned NOT NULL,
  `formatter` varchar(100) COLLATE utf8_unicode_ci DEFAULT NULL,
  `size` int(3) unsigned NOT NULL,
  PRIMARY KEY (`id`),
  KEY `field_id` (`field_id`)
) ENGINE=MyISAM AUTO_INCREMENT=40 DEFAULT CHARSET=utf8 COLLATE=utf8_unicode_ci;

-- *** DATA: `tbl_fields_textarea` ***
INSERT INTO `tbl_fields_textarea` (`id`, `field_id`, `formatter`, `size`) VALUES (29, 2, 'pb_markdownextrasmartypants', 15);
INSERT INTO `tbl_fields_textarea` (`id`, `field_id`, `formatter`, `size`) VALUES (10, 6, 'pb_markdownextrasmartypants', 8);
INSERT INTO `tbl_fields_textarea` (`id`, `field_id`, `formatter`, `size`) VALUES (11, 7, 'pb_markdownextrasmartypants', 16);
INSERT INTO `tbl_fields_textarea` (`id`, `field_id`, `formatter`, `size`) VALUES (25, 13, 'pb_markdownextrasmartypants', 6);
INSERT INTO `tbl_fields_textarea` (`id`, `field_id`, `formatter`, `size`) VALUES (26, 14, 'pb_markdownextrasmartypants', 18);
INSERT INTO `tbl_fields_textarea` (`id`, `field_id`, `formatter`, `size`) VALUES (27, 27, 'pb_markdownextrasmartypants', 6);
INSERT INTO `tbl_fields_textarea` (`id`, `field_id`, `formatter`, `size`) VALUES (28, 28, 'pb_markdownextrasmartypants', 18);
INSERT INTO `tbl_fields_textarea` (`id`, `field_id`, `formatter`, `size`) VALUES (19, 38, 'pb_markdownextrasmartypants', 15);
INSERT INTO `tbl_fields_textarea` (`id`, `field_id`, `formatter`, `size`) VALUES (17, 40, 'pb_markdownextrasmartypants', 6);
INSERT INTO `tbl_fields_textarea` (`id`, `field_id`, `formatter`, `size`) VALUES (18, 41, 'pb_markdownextrasmartypants', 15);
INSERT INTO `tbl_fields_textarea` (`id`, `field_id`, `formatter`, `size`) VALUES (30, 48, 'pb_markdownextrasmartypants', 8);
INSERT INTO `tbl_fields_textarea` (`id`, `field_id`, `formatter`, `size`) VALUES (31, 53, NULL, 9);
INSERT INTO `tbl_fields_textarea` (`id`, `field_id`, `formatter`, `size`) VALUES (32, 55, 'pb_markdownextrasmartypants', 15);
INSERT INTO `tbl_fields_textarea` (`id`, `field_id`, `formatter`, `size`) VALUES (33, 57, 'pb_markdownextrasmartypants', 15);
INSERT INTO `tbl_fields_textarea` (`id`, `field_id`, `formatter`, `size`) VALUES (36, 60, 'pb_markdownextrasmartypants', 6);
INSERT INTO `tbl_fields_textarea` (`id`, `field_id`, `formatter`, `size`) VALUES (37, 61, 'pb_markdownextrasmartypants', 15);
INSERT INTO `tbl_fields_textarea` (`id`, `field_id`, `formatter`, `size`) VALUES (38, 69, 'pb_markdownextrasmartypants', 8);
INSERT INTO `tbl_fields_textarea` (`id`, `field_id`, `formatter`, `size`) VALUES (39, 70, 'pb_markdownextrasmartypants', 15);

-- *** STRUCTURE: `tbl_fields_upload` ***
DROP TABLE IF EXISTS `tbl_fields_upload`;
CREATE TABLE `tbl_fields_upload` (
  `id` int(11) unsigned NOT NULL AUTO_INCREMENT,
  `field_id` int(11) unsigned NOT NULL,
  `destination` varchar(255) COLLATE utf8_unicode_ci NOT NULL,
  `validator` varchar(50) COLLATE utf8_unicode_ci DEFAULT NULL,
  PRIMARY KEY (`id`),
  KEY `field_id` (`field_id`)
) ENGINE=MyISAM AUTO_INCREMENT=15 DEFAULT CHARSET=utf8 COLLATE=utf8_unicode_ci;

-- *** DATA: `tbl_fields_upload` ***
INSERT INTO `tbl_fields_upload` (`id`, `field_id`, `destination`, `validator`) VALUES (5, 35, '/workspace/images', NULL);
INSERT INTO `tbl_fields_upload` (`id`, `field_id`, `destination`, `validator`) VALUES (6, 36, '/workspace', NULL);
INSERT INTO `tbl_fields_upload` (`id`, `field_id`, `destination`, `validator`) VALUES (7, 58, '/workspace/assets/files', '/\\.(?:doc|pdf|rtf|txt)$/i');
INSERT INTO `tbl_fields_upload` (`id`, `field_id`, `destination`, `validator`) VALUES (9, 62, '/workspace/assets/images', NULL);
INSERT INTO `tbl_fields_upload` (`id`, `field_id`, `destination`, `validator`) VALUES (10, 79, '/workspace/assets/images', '/\\.(?:bmp|gif|jpe?g|png)$/i');
INSERT INTO `tbl_fields_upload` (`id`, `field_id`, `destination`, `validator`) VALUES (11, 80, '/workspace/assets/images', '/\\.(?:bmp|gif|jpe?g|png)$/i');
INSERT INTO `tbl_fields_upload` (`id`, `field_id`, `destination`, `validator`) VALUES (12, 81, '/workspace/assets/images', '/\\.(?:bmp|gif|jpe?g|png)$/i');
INSERT INTO `tbl_fields_upload` (`id`, `field_id`, `destination`, `validator`) VALUES (13, 82, '/workspace/assets/images', '/\\.(?:bmp|gif|jpe?g|png)$/i');
INSERT INTO `tbl_fields_upload` (`id`, `field_id`, `destination`, `validator`) VALUES (14, 83, '/workspace/assets/images', NULL);

-- *** STRUCTURE: `tbl_entries_data_1` ***
DROP TABLE IF EXISTS `tbl_entries_data_1`;
CREATE TABLE `tbl_entries_data_1` (
  `id` int(11) unsigned NOT NULL AUTO_INCREMENT,
  `entry_id` int(11) unsigned NOT NULL,
  `handle` varchar(255) DEFAULT NULL,
  `value` varchar(255) DEFAULT NULL,
  PRIMARY KEY (`id`),
  KEY `entry_id` (`entry_id`),
  KEY `handle` (`handle`),
  KEY `value` (`value`)
) ENGINE=MyISAM AUTO_INCREMENT=3 DEFAULT CHARSET=utf8;

-- *** DATA: `tbl_entries_data_1` ***
INSERT INTO `tbl_entries_data_1` (`id`, `entry_id`, `handle`, `value`) VALUES (1, 1, 'main', 'Main');
INSERT INTO `tbl_entries_data_1` (`id`, `entry_id`, `handle`, `value`) VALUES (2, 2, 'secondary', 'Secondary');

-- *** STRUCTURE: `tbl_entries_data_10` ***
DROP TABLE IF EXISTS `tbl_entries_data_10`;
CREATE TABLE `tbl_entries_data_10` (
  `id` int(11) unsigned NOT NULL AUTO_INCREMENT,
  `entry_id` int(11) unsigned NOT NULL,
  `value` enum('yes','no') NOT NULL DEFAULT 'yes',
  PRIMARY KEY (`id`),
  KEY `entry_id` (`entry_id`),
  KEY `value` (`value`)
) ENGINE=MyISAM AUTO_INCREMENT=2 DEFAULT CHARSET=utf8;

-- *** DATA: `tbl_entries_data_10` ***
INSERT INTO `tbl_entries_data_10` (`id`, `entry_id`, `value`) VALUES (1, 11, 'yes');

-- *** STRUCTURE: `tbl_entries_data_11` ***
DROP TABLE IF EXISTS `tbl_entries_data_11`;
CREATE TABLE `tbl_entries_data_11` (
  `id` int(11) unsigned NOT NULL AUTO_INCREMENT,
  `entry_id` int(11) unsigned NOT NULL,
  `handle` varchar(255) DEFAULT NULL,
  `value` varchar(255) DEFAULT NULL,
  PRIMARY KEY (`id`),
  KEY `entry_id` (`entry_id`),
  KEY `handle` (`handle`),
  KEY `value` (`value`)
) ENGINE=MyISAM AUTO_INCREMENT=4 DEFAULT CHARSET=utf8;

-- *** DATA: `tbl_entries_data_11` ***
INSERT INTO `tbl_entries_data_11` (`id`, `entry_id`, `handle`, `value`) VALUES (1, 12, 'entry', 'Entry');
INSERT INTO `tbl_entries_data_11` (`id`, `entry_id`, `handle`, `value`) VALUES (3, 13, 'entry-2', 'Entry 2');

-- *** STRUCTURE: `tbl_entries_data_12` ***
DROP TABLE IF EXISTS `tbl_entries_data_12`;
CREATE TABLE `tbl_entries_data_12` (
  `id` int(11) unsigned NOT NULL AUTO_INCREMENT,
  `entry_id` int(11) unsigned NOT NULL,
  `handle` varchar(255) DEFAULT NULL,
  `value` varchar(255) DEFAULT NULL,
  PRIMARY KEY (`id`),
  KEY `entry_id` (`entry_id`),
  KEY `handle` (`handle`),
  KEY `value` (`value`)
) ENGINE=MyISAM AUTO_INCREMENT=4 DEFAULT CHARSET=utf8;

-- *** DATA: `tbl_entries_data_12` ***
INSERT INTO `tbl_entries_data_12` (`id`, `entry_id`, `handle`, `value`) VALUES (1, 12, 'my-first-entry', 'My First Entry');
INSERT INTO `tbl_entries_data_12` (`id`, `entry_id`, `handle`, `value`) VALUES (3, 13, 'my-second-entry', 'My Second Entry');

-- *** STRUCTURE: `tbl_entries_data_13` ***
DROP TABLE IF EXISTS `tbl_entries_data_13`;
CREATE TABLE `tbl_entries_data_13` (
  `id` int(11) unsigned NOT NULL AUTO_INCREMENT,
  `entry_id` int(11) unsigned NOT NULL,
  `value` text,
  `value_formatted` text,
  PRIMARY KEY (`id`),
  KEY `entry_id` (`entry_id`),
  FULLTEXT KEY `value` (`value`)
) ENGINE=MyISAM AUTO_INCREMENT=4 DEFAULT CHARSET=utf8;

-- *** DATA: `tbl_entries_data_13` ***
INSERT INTO `tbl_entries_data_13` (`id`, `entry_id`, `value`, `value_formatted`) VALUES (1, 12, 'A description of my first entry', '<p>A description of my first entry</p>\n');
INSERT INTO `tbl_entries_data_13` (`id`, `entry_id`, `value`, `value_formatted`) VALUES (3, 13, 'A description of my second entry', '<p>A description of my second entry</p>\n');

-- *** STRUCTURE: `tbl_entries_data_14` ***
DROP TABLE IF EXISTS `tbl_entries_data_14`;
CREATE TABLE `tbl_entries_data_14` (
  `id` int(11) unsigned NOT NULL AUTO_INCREMENT,
  `entry_id` int(11) unsigned NOT NULL,
  `value` text,
  `value_formatted` text,
  PRIMARY KEY (`id`),
  KEY `entry_id` (`entry_id`),
  FULLTEXT KEY `value` (`value`)
) ENGINE=MyISAM AUTO_INCREMENT=4 DEFAULT CHARSET=utf8;

-- *** DATA: `tbl_entries_data_14` ***
INSERT INTO `tbl_entries_data_14` (`id`, `entry_id`, `value`, `value_formatted`) VALUES (1, 12, 'Lorem ipsum dolor sit amet, consectetuer adipiscing elit, sed diam nonummy nibh euismod tincidunt ut laoreet dolore magna aliquam erat volutpat. Ut wisi enim ad minim veniam, quis nostrud exerci tation ullamcorper suscipit lobortis nisl ut aliquip ex ea commodo consequat. Duis autem vel eum iriure dolor in hendrerit in vulputate velit esse molestie consequat, vel illum dolore eu feugiat nulla facilisis at vero eros et accumsan et iusto odio dignissim qui blandit praesent luptatum zzril delenit augue duis dolore te feugait nulla facilisi.\r\n\r\nEpsum factorial non deposit quid pro quo hic escorol. Olypian quarrels et gorilla congolium sic ad nauseum. Souvlaki ignitus carborundum e pluribus unum. Defacto lingo est igpay atinlay. Marquee selectus non provisio incongruous feline nolo contendre. Gratuitous octopus niacin, sodium glutimate. Quote meon an estimate et non interruptus stadium. Sic tempus fugit esperanto hiccup estrogen. Glorious baklava ex librus hup hey ad infinitum. Non sequitur condominium facile et geranium incognito. Epsum factorial non deposit quid pro quo hic escorol. Marquee selectus non provisio incongruous feline nolo contendre Olypian quarrels et gorilla congolium sic ad nauseum. Souvlaki ignitus carborundum e pluribus unum.\r\n\r\nLi Europan lingues es membres del sam familie. Lor separat existentie es un myth. Por scientie, musica, sport etc, li tot Europa usa li sam vocabularium. Li lingues differe solmen in li grammatica, li pronunciation e li plu commun vocabules. Omnicos directe al desirabilita; de un nov lingua franca: on refusa continuar payar custosi traductores. It solmen va esser necessi far uniform grammatica, pronunciation e plu sommun paroles.\r\n\r\nMa quande lingues coalesce, li grammatica del resultant lingue es plu simplic e regulari quam ti del coalescent lingues. Li nov lingua franca va esser plu simplic e regulari quam li existent Europan lingues. It va esser tam simplic quam Occidental: in fact, it va esser Occidental. A un Angleso it va semblar un simplificat Angles, quam un skeptic Cambridge amico dit me que Occidental es.\r\n\r\nLorem ipsum dolor sit amet, consectetuer adipiscing elit, sed diam nonummy nibh euismod tincidunt ut laoreet dolore magna aliquam erat volutpat. Ut wisi enim ad minim veniam, quis nostrud exerci tation ullamcorper suscipit lobortis nisl ut aliquip ex ea commodo consequat. Duis autem vel eum iriure dolor in hendrerit in vulputate velit esse molestie consequat, vel illum dolore eu feugiat nulla facilisis at vero eros et accumsan et iusto odio dignissim qui blandit praesent luptatum zzril delenit augue duis dolore te feugait nulla facilisi.\r\n\r\nEpsum factorial non deposit quid pro quo hic escorol. Olypian quarrels et gorilla congolium sic ad nauseum. Souvlaki ignitus carborundum e pluribus unum. Defacto lingo est igpay atinlay. Marquee selectus non provisio incongruous feline nolo contendre. Gratuitous octopus niacin, sodium glutimate. Quote meon an estimate et non interruptus stadium. Sic tempus fugit esperanto hiccup estrogen. Glorious baklava ex librus hup hey ad infinitum. Non sequitur condominium facile et geranium incognito. Epsum factorial non deposit quid pro quo hic escorol. Marquee selectus non provisio incongruous feline nolo contendre Olypian quarrels et gorilla congolium sic ad nauseum. Souvlaki ignitus carborundum e pluribus unum.\r\n\r\nLi Europan lingues es membres del sam familie. Lor separat existentie es un myth. Por scientie, musica, sport etc, li tot Europa usa li sam vocabularium. Li lingues differe solmen in li grammatica, li pronunciation e li plu commun vocabules. Omnicos directe al desirabilita; de un nov lingua franca: on refusa continuar payar custosi traductores. It solmen va esser necessi far uniform grammatica, pronunciation e plu sommun paroles.', '<p>Lorem ipsum dolor sit amet, consectetuer adipiscing elit, sed diam nonummy nibh euismod tincidunt ut laoreet dolore magna aliquam erat volutpat. Ut wisi enim ad minim veniam, quis nostrud exerci tation ullamcorper suscipit lobortis nisl ut aliquip ex ea commodo consequat. Duis autem vel eum iriure dolor in hendrerit in vulputate velit esse molestie consequat, vel illum dolore eu feugiat nulla facilisis at vero eros et accumsan et iusto odio dignissim qui blandit praesent luptatum zzril delenit augue duis dolore te feugait nulla facilisi.</p>\n\n<p>Epsum factorial non deposit quid pro quo hic escorol. Olypian quarrels et gorilla congolium sic ad nauseum. Souvlaki ignitus carborundum e pluribus unum. Defacto lingo est igpay atinlay. Marquee selectus non provisio incongruous feline nolo contendre. Gratuitous octopus niacin, sodium glutimate. Quote meon an estimate et non interruptus stadium. Sic tempus fugit esperanto hiccup estrogen. Glorious baklava ex librus hup hey ad infinitum. Non sequitur condominium facile et geranium incognito. Epsum factorial non deposit quid pro quo hic escorol. Marquee selectus non provisio incongruous feline nolo contendre Olypian quarrels et gorilla congolium sic ad nauseum. Souvlaki ignitus carborundum e pluribus unum.</p>\n\n<p>Li Europan lingues es membres del sam familie. Lor separat existentie es un myth. Por scientie, musica, sport etc, li tot Europa usa li sam vocabularium. Li lingues differe solmen in li grammatica, li pronunciation e li plu commun vocabules. Omnicos directe al desirabilita; de un nov lingua franca: on refusa continuar payar custosi traductores. It solmen va esser necessi far uniform grammatica, pronunciation e plu sommun paroles.</p>\n\n<p>Ma quande lingues coalesce, li grammatica del resultant lingue es plu simplic e regulari quam ti del coalescent lingues. Li nov lingua franca va esser plu simplic e regulari quam li existent Europan lingues. It va esser tam simplic quam Occidental: in fact, it va esser Occidental. A un Angleso it va semblar un simplificat Angles, quam un skeptic Cambridge amico dit me que Occidental es.</p>\n\n<p>Lorem ipsum dolor sit amet, consectetuer adipiscing elit, sed diam nonummy nibh euismod tincidunt ut laoreet dolore magna aliquam erat volutpat. Ut wisi enim ad minim veniam, quis nostrud exerci tation ullamcorper suscipit lobortis nisl ut aliquip ex ea commodo consequat. Duis autem vel eum iriure dolor in hendrerit in vulputate velit esse molestie consequat, vel illum dolore eu feugiat nulla facilisis at vero eros et accumsan et iusto odio dignissim qui blandit praesent luptatum zzril delenit augue duis dolore te feugait nulla facilisi.</p>\n\n<p>Epsum factorial non deposit quid pro quo hic escorol. Olypian quarrels et gorilla congolium sic ad nauseum. Souvlaki ignitus carborundum e pluribus unum. Defacto lingo est igpay atinlay. Marquee selectus non provisio incongruous feline nolo contendre. Gratuitous octopus niacin, sodium glutimate. Quote meon an estimate et non interruptus stadium. Sic tempus fugit esperanto hiccup estrogen. Glorious baklava ex librus hup hey ad infinitum. Non sequitur condominium facile et geranium incognito. Epsum factorial non deposit quid pro quo hic escorol. Marquee selectus non provisio incongruous feline nolo contendre Olypian quarrels et gorilla congolium sic ad nauseum. Souvlaki ignitus carborundum e pluribus unum.</p>\n\n<p>Li Europan lingues es membres del sam familie. Lor separat existentie es un myth. Por scientie, musica, sport etc, li tot Europa usa li sam vocabularium. Li lingues differe solmen in li grammatica, li pronunciation e li plu commun vocabules. Omnicos directe al desirabilita; de un nov lingua franca: on refusa continuar payar custosi traductores. It solmen va esser necessi far uniform grammatica, pronunciation e plu sommun paroles.</p>\n');
INSERT INTO `tbl_entries_data_14` (`id`, `entry_id`, `value`, `value_formatted`) VALUES (3, 13, 'Lorem ipsum dolor sit amet, consectetuer adipiscing elit, sed diam nonummy nibh euismod tincidunt ut laoreet dolore magna aliquam erat volutpat. Ut wisi enim ad minim veniam, quis nostrud exerci tation ullamcorper suscipit lobortis nisl ut aliquip ex ea commodo consequat. Duis autem vel eum iriure dolor in hendrerit in vulputate velit esse molestie consequat, vel illum dolore eu feugiat nulla facilisis at vero eros et accumsan et iusto odio dignissim qui blandit praesent luptatum zzril delenit augue duis dolore te feugait nulla facilisi.\r\n\r\nEpsum factorial non deposit quid pro quo hic escorol. Olypian quarrels et gorilla congolium sic ad nauseum. Souvlaki ignitus carborundum e pluribus unum. Defacto lingo est igpay atinlay. Marquee selectus non provisio incongruous feline nolo contendre. Gratuitous octopus niacin, sodium glutimate. Quote meon an estimate et non interruptus stadium. Sic tempus fugit esperanto hiccup estrogen. Glorious baklava ex librus hup hey ad infinitum. Non sequitur condominium facile et geranium incognito. Epsum factorial non deposit quid pro quo hic escorol. Marquee selectus non provisio incongruous feline nolo contendre Olypian quarrels et gorilla congolium sic ad nauseum. Souvlaki ignitus carborundum e pluribus unum.\r\n\r\nLi Europan lingues es membres del sam familie. Lor separat existentie es un myth. Por scientie, musica, sport etc, li tot Europa usa li sam vocabularium. Li lingues differe solmen in li grammatica, li pronunciation e li plu commun vocabules. Omnicos directe al desirabilita; de un nov lingua franca: on refusa continuar payar custosi traductores. It solmen va esser necessi far uniform grammatica, pronunciation e plu sommun paroles.\r\n\r\nMa quande lingues coalesce, li grammatica del resultant lingue es plu simplic e regulari quam ti del coalescent lingues. Li nov lingua franca va esser plu simplic e regulari quam li existent Europan lingues. It va esser tam simplic quam Occidental: in fact, it va esser Occidental. A un Angleso it va semblar un simplificat Angles, quam un skeptic Cambridge amico dit me que Occidental es.\r\n\r\nLorem ipsum dolor sit amet, consectetuer adipiscing elit, sed diam nonummy nibh euismod tincidunt ut laoreet dolore magna aliquam erat volutpat. Ut wisi enim ad minim veniam, quis nostrud exerci tation ullamcorper suscipit lobortis nisl ut aliquip ex ea commodo consequat. Duis autem vel eum iriure dolor in hendrerit in vulputate velit esse molestie consequat, vel illum dolore eu feugiat nulla facilisis at vero eros et accumsan et iusto odio dignissim qui blandit praesent luptatum zzril delenit augue duis dolore te feugait nulla facilisi.\r\n\r\nEpsum factorial non deposit quid pro quo hic escorol. Olypian quarrels et gorilla congolium sic ad nauseum. Souvlaki ignitus carborundum e pluribus unum. Defacto lingo est igpay atinlay. Marquee selectus non provisio incongruous feline nolo contendre. Gratuitous octopus niacin, sodium glutimate. Quote meon an estimate et non interruptus stadium. Sic tempus fugit esperanto hiccup estrogen. Glorious baklava ex librus hup hey ad infinitum. Non sequitur condominium facile et geranium incognito. Epsum factorial non deposit quid pro quo hic escorol. Marquee selectus non provisio incongruous feline nolo contendre Olypian quarrels et gorilla congolium sic ad nauseum. Souvlaki ignitus carborundum e pluribus unum.\r\n\r\nLi Europan lingues es membres del sam familie. Lor separat existentie es un myth. Por scientie, musica, sport etc, li tot Europa usa li sam vocabularium. Li lingues differe solmen in li grammatica, li pronunciation e li plu commun vocabules. Omnicos directe al desirabilita; de un nov lingua franca: on refusa continuar payar custosi traductores. It solmen va esser necessi far uniform grammatica, pronunciation e plu sommun paroles.', '<p>Lorem ipsum dolor sit amet, consectetuer adipiscing elit, sed diam nonummy nibh euismod tincidunt ut laoreet dolore magna aliquam erat volutpat. Ut wisi enim ad minim veniam, quis nostrud exerci tation ullamcorper suscipit lobortis nisl ut aliquip ex ea commodo consequat. Duis autem vel eum iriure dolor in hendrerit in vulputate velit esse molestie consequat, vel illum dolore eu feugiat nulla facilisis at vero eros et accumsan et iusto odio dignissim qui blandit praesent luptatum zzril delenit augue duis dolore te feugait nulla facilisi.</p>\n\n<p>Epsum factorial non deposit quid pro quo hic escorol. Olypian quarrels et gorilla congolium sic ad nauseum. Souvlaki ignitus carborundum e pluribus unum. Defacto lingo est igpay atinlay. Marquee selectus non provisio incongruous feline nolo contendre. Gratuitous octopus niacin, sodium glutimate. Quote meon an estimate et non interruptus stadium. Sic tempus fugit esperanto hiccup estrogen. Glorious baklava ex librus hup hey ad infinitum. Non sequitur condominium facile et geranium incognito. Epsum factorial non deposit quid pro quo hic escorol. Marquee selectus non provisio incongruous feline nolo contendre Olypian quarrels et gorilla congolium sic ad nauseum. Souvlaki ignitus carborundum e pluribus unum.</p>\n\n<p>Li Europan lingues es membres del sam familie. Lor separat existentie es un myth. Por scientie, musica, sport etc, li tot Europa usa li sam vocabularium. Li lingues differe solmen in li grammatica, li pronunciation e li plu commun vocabules. Omnicos directe al desirabilita; de un nov lingua franca: on refusa continuar payar custosi traductores. It solmen va esser necessi far uniform grammatica, pronunciation e plu sommun paroles.</p>\n\n<p>Ma quande lingues coalesce, li grammatica del resultant lingue es plu simplic e regulari quam ti del coalescent lingues. Li nov lingua franca va esser plu simplic e regulari quam li existent Europan lingues. It va esser tam simplic quam Occidental: in fact, it va esser Occidental. A un Angleso it va semblar un simplificat Angles, quam un skeptic Cambridge amico dit me que Occidental es.</p>\n\n<p>Lorem ipsum dolor sit amet, consectetuer adipiscing elit, sed diam nonummy nibh euismod tincidunt ut laoreet dolore magna aliquam erat volutpat. Ut wisi enim ad minim veniam, quis nostrud exerci tation ullamcorper suscipit lobortis nisl ut aliquip ex ea commodo consequat. Duis autem vel eum iriure dolor in hendrerit in vulputate velit esse molestie consequat, vel illum dolore eu feugiat nulla facilisis at vero eros et accumsan et iusto odio dignissim qui blandit praesent luptatum zzril delenit augue duis dolore te feugait nulla facilisi.</p>\n\n<p>Epsum factorial non deposit quid pro quo hic escorol. Olypian quarrels et gorilla congolium sic ad nauseum. Souvlaki ignitus carborundum e pluribus unum. Defacto lingo est igpay atinlay. Marquee selectus non provisio incongruous feline nolo contendre. Gratuitous octopus niacin, sodium glutimate. Quote meon an estimate et non interruptus stadium. Sic tempus fugit esperanto hiccup estrogen. Glorious baklava ex librus hup hey ad infinitum. Non sequitur condominium facile et geranium incognito. Epsum factorial non deposit quid pro quo hic escorol. Marquee selectus non provisio incongruous feline nolo contendre Olypian quarrels et gorilla congolium sic ad nauseum. Souvlaki ignitus carborundum e pluribus unum.</p>\n\n<p>Li Europan lingues es membres del sam familie. Lor separat existentie es un myth. Por scientie, musica, sport etc, li tot Europa usa li sam vocabularium. Li lingues differe solmen in li grammatica, li pronunciation e li plu commun vocabules. Omnicos directe al desirabilita; de un nov lingua franca: on refusa continuar payar custosi traductores. It solmen va esser necessi far uniform grammatica, pronunciation e plu sommun paroles.</p>\n');

-- *** STRUCTURE: `tbl_entries_data_15` ***
DROP TABLE IF EXISTS `tbl_entries_data_15`;
CREATE TABLE `tbl_entries_data_15` (
  `id` int(11) unsigned NOT NULL AUTO_INCREMENT,
  `entry_id` int(11) unsigned NOT NULL,
  `relation_id` int(11) unsigned NOT NULL,
  PRIMARY KEY (`id`),
  KEY `entry_id` (`entry_id`),
  KEY `relation_id` (`relation_id`)
) ENGINE=MyISAM DEFAULT CHARSET=utf8;

-- *** DATA: `tbl_entries_data_15` ***

-- *** STRUCTURE: `tbl_entries_data_16` ***
DROP TABLE IF EXISTS `tbl_entries_data_16`;
CREATE TABLE `tbl_entries_data_16` (
  `id` int(11) unsigned NOT NULL AUTO_INCREMENT,
  `entry_id` int(11) unsigned NOT NULL,
  `relation_id` int(11) unsigned NOT NULL,
  PRIMARY KEY (`id`),
  KEY `entry_id` (`entry_id`),
  KEY `relation_id` (`relation_id`)
) ENGINE=MyISAM DEFAULT CHARSET=utf8;

-- *** DATA: `tbl_entries_data_16` ***

-- *** STRUCTURE: `tbl_entries_data_17` ***
DROP TABLE IF EXISTS `tbl_entries_data_17`;
CREATE TABLE `tbl_entries_data_17` (
  `id` int(11) unsigned NOT NULL AUTO_INCREMENT,
  `entry_id` int(11) unsigned NOT NULL,
  `relation_id` int(11) unsigned NOT NULL,
  PRIMARY KEY (`id`),
  KEY `entry_id` (`entry_id`),
  KEY `relation_id` (`relation_id`)
) ENGINE=MyISAM AUTO_INCREMENT=4 DEFAULT CHARSET=utf8;

-- *** DATA: `tbl_entries_data_17` ***
INSERT INTO `tbl_entries_data_17` (`id`, `entry_id`, `relation_id`) VALUES (1, 12, 11);
INSERT INTO `tbl_entries_data_17` (`id`, `entry_id`, `relation_id`) VALUES (3, 13, 11);

-- *** STRUCTURE: `tbl_entries_data_18` ***
DROP TABLE IF EXISTS `tbl_entries_data_18`;
CREATE TABLE `tbl_entries_data_18` (
  `id` int(11) unsigned NOT NULL AUTO_INCREMENT,
  `entry_id` int(11) unsigned NOT NULL,
  `relation_id` int(11) unsigned NOT NULL,
  PRIMARY KEY (`id`),
  KEY `entry_id` (`entry_id`),
  KEY `relation_id` (`relation_id`)
) ENGINE=MyISAM AUTO_INCREMENT=4 DEFAULT CHARSET=utf8;

-- *** DATA: `tbl_entries_data_18` ***
INSERT INTO `tbl_entries_data_18` (`id`, `entry_id`, `relation_id`) VALUES (1, 12, 8);
INSERT INTO `tbl_entries_data_18` (`id`, `entry_id`, `relation_id`) VALUES (3, 13, 8);

-- *** STRUCTURE: `tbl_entries_data_19` ***
DROP TABLE IF EXISTS `tbl_entries_data_19`;
CREATE TABLE `tbl_entries_data_19` (
  `id` int(11) unsigned NOT NULL AUTO_INCREMENT,
  `entry_id` int(11) unsigned NOT NULL,
  `handle` varchar(255) DEFAULT NULL,
  `value` varchar(255) DEFAULT NULL,
  PRIMARY KEY (`id`),
  KEY `entry_id` (`entry_id`),
  KEY `handle` (`handle`),
  KEY `value` (`value`)
) ENGINE=MyISAM AUTO_INCREMENT=4 DEFAULT CHARSET=utf8;

-- *** DATA: `tbl_entries_data_19` ***
INSERT INTO `tbl_entries_data_19` (`id`, `entry_id`, `handle`, `value`) VALUES (1, 12, 'symphony-cms', 'Symphony CMS');
INSERT INTO `tbl_entries_data_19` (`id`, `entry_id`, `handle`, `value`) VALUES (3, 13, 'symphony-cms', 'Symphony CMS');

-- *** STRUCTURE: `tbl_entries_data_2` ***
DROP TABLE IF EXISTS `tbl_entries_data_2`;
CREATE TABLE `tbl_entries_data_2` (
  `id` int(11) unsigned NOT NULL AUTO_INCREMENT,
  `entry_id` int(11) unsigned NOT NULL,
  `value` text,
  `value_formatted` text,
  PRIMARY KEY (`id`),
  KEY `entry_id` (`entry_id`),
  FULLTEXT KEY `value` (`value`)
) ENGINE=MyISAM AUTO_INCREMENT=3 DEFAULT CHARSET=utf8;

-- *** DATA: `tbl_entries_data_2` ***
INSERT INTO `tbl_entries_data_2` (`id`, `entry_id`, `value`, `value_formatted`) VALUES (1, 1, 'The main navigation menu', '<p>The main navigation menu</p>\n');
INSERT INTO `tbl_entries_data_2` (`id`, `entry_id`, `value`, `value_formatted`) VALUES (2, 2, 'The secondary navigation menu', '<p>The secondary navigation menu</p>\n');

-- *** STRUCTURE: `tbl_entries_data_20` ***
DROP TABLE IF EXISTS `tbl_entries_data_20`;
CREATE TABLE `tbl_entries_data_20` (
  `id` int(11) unsigned NOT NULL AUTO_INCREMENT,
  `entry_id` int(11) unsigned NOT NULL,
  `value` varchar(80) DEFAULT NULL,
  `local` int(11) DEFAULT NULL,
  `gmt` int(11) DEFAULT NULL,
  PRIMARY KEY (`id`),
  KEY `entry_id` (`entry_id`),
  KEY `value` (`value`)
) ENGINE=MyISAM AUTO_INCREMENT=4 DEFAULT CHARSET=utf8;

-- *** DATA: `tbl_entries_data_20` ***
INSERT INTO `tbl_entries_data_20` (`id`, `entry_id`, `value`, `local`, `gmt`) VALUES (1, 12, '2009-07-06T06:31:00-07:00', 1246887060, 1246887060);
INSERT INTO `tbl_entries_data_20` (`id`, `entry_id`, `value`, `local`, `gmt`) VALUES (3, 13, '2009-07-06T06:31:00-07:00', 1246887060, 1246887060);

-- *** STRUCTURE: `tbl_entries_data_21` ***
DROP TABLE IF EXISTS `tbl_entries_data_21`;
CREATE TABLE `tbl_entries_data_21` (
  `id` int(11) unsigned NOT NULL AUTO_INCREMENT,
  `entry_id` int(11) unsigned NOT NULL,
  `author_id` int(11) unsigned NOT NULL,
  PRIMARY KEY (`id`),
  KEY `entry_id` (`entry_id`),
  KEY `author_id` (`author_id`)
) ENGINE=MyISAM AUTO_INCREMENT=4 DEFAULT CHARSET=utf8;

-- *** DATA: `tbl_entries_data_21` ***
INSERT INTO `tbl_entries_data_21` (`id`, `entry_id`, `author_id`) VALUES (1, 12, 1);
INSERT INTO `tbl_entries_data_21` (`id`, `entry_id`, `author_id`) VALUES (3, 13, 1);

-- *** STRUCTURE: `tbl_entries_data_22` ***
DROP TABLE IF EXISTS `tbl_entries_data_22`;
CREATE TABLE `tbl_entries_data_22` (
  `id` int(11) unsigned NOT NULL AUTO_INCREMENT,
  `entry_id` int(11) unsigned NOT NULL,
  `value` enum('yes','no') NOT NULL DEFAULT 'yes',
  PRIMARY KEY (`id`),
  KEY `entry_id` (`entry_id`),
  KEY `value` (`value`)
) ENGINE=MyISAM AUTO_INCREMENT=4 DEFAULT CHARSET=utf8;

-- *** DATA: `tbl_entries_data_22` ***
INSERT INTO `tbl_entries_data_22` (`id`, `entry_id`, `value`) VALUES (1, 12, 'yes');
INSERT INTO `tbl_entries_data_22` (`id`, `entry_id`, `value`) VALUES (3, 13, 'yes');

-- *** STRUCTURE: `tbl_entries_data_23` ***
DROP TABLE IF EXISTS `tbl_entries_data_23`;
CREATE TABLE `tbl_entries_data_23` (
  `id` int(11) unsigned NOT NULL AUTO_INCREMENT,
  `entry_id` int(11) unsigned NOT NULL,
  `value` enum('yes','no') NOT NULL DEFAULT 'no',
  PRIMARY KEY (`id`),
  KEY `entry_id` (`entry_id`),
  KEY `value` (`value`)
) ENGINE=MyISAM AUTO_INCREMENT=4 DEFAULT CHARSET=utf8;

-- *** DATA: `tbl_entries_data_23` ***
INSERT INTO `tbl_entries_data_23` (`id`, `entry_id`, `value`) VALUES (1, 12, 'yes');
INSERT INTO `tbl_entries_data_23` (`id`, `entry_id`, `value`) VALUES (3, 13, 'yes');

-- *** STRUCTURE: `tbl_entries_data_24` ***
DROP TABLE IF EXISTS `tbl_entries_data_24`;
CREATE TABLE `tbl_entries_data_24` (
  `id` int(11) unsigned NOT NULL AUTO_INCREMENT,
  `entry_id` int(11) unsigned NOT NULL,
  `handle` varchar(255) DEFAULT NULL,
  `value` varchar(255) DEFAULT NULL,
  PRIMARY KEY (`id`),
  KEY `entry_id` (`entry_id`),
  KEY `handle` (`handle`),
  KEY `value` (`value`)
) ENGINE=MyISAM AUTO_INCREMENT=4 DEFAULT CHARSET=utf8;

-- *** DATA: `tbl_entries_data_24` ***
INSERT INTO `tbl_entries_data_24` (`id`, `entry_id`, `handle`, `value`) VALUES (3, 14, 'symphony-cms', 'Symphony CMS');

-- *** STRUCTURE: `tbl_entries_data_25` ***
DROP TABLE IF EXISTS `tbl_entries_data_25`;
CREATE TABLE `tbl_entries_data_25` (
  `id` int(11) unsigned NOT NULL AUTO_INCREMENT,
  `entry_id` int(11) unsigned NOT NULL,
  `relation_id` int(11) unsigned NOT NULL,
  PRIMARY KEY (`id`),
  KEY `entry_id` (`entry_id`),
  KEY `relation_id` (`relation_id`)
) ENGINE=MyISAM AUTO_INCREMENT=4 DEFAULT CHARSET=utf8;

-- *** DATA: `tbl_entries_data_25` ***
INSERT INTO `tbl_entries_data_25` (`id`, `entry_id`, `relation_id`) VALUES (3, 14, 7);

-- *** STRUCTURE: `tbl_entries_data_26` ***
DROP TABLE IF EXISTS `tbl_entries_data_26`;
CREATE TABLE `tbl_entries_data_26` (
  `id` int(11) unsigned NOT NULL AUTO_INCREMENT,
  `entry_id` int(11) unsigned NOT NULL,
  `handle` varchar(255) DEFAULT NULL,
  `value` varchar(255) DEFAULT NULL,
  PRIMARY KEY (`id`),
  KEY `entry_id` (`entry_id`),
  KEY `handle` (`handle`),
  KEY `value` (`value`)
) ENGINE=MyISAM AUTO_INCREMENT=4 DEFAULT CHARSET=utf8;

-- *** DATA: `tbl_entries_data_26` ***
INSERT INTO `tbl_entries_data_26` (`id`, `entry_id`, `handle`, `value`) VALUES (3, 14, 'http-symphony-cmscom', 'http://symphony-cms.com/');

-- *** STRUCTURE: `tbl_entries_data_27` ***
DROP TABLE IF EXISTS `tbl_entries_data_27`;
CREATE TABLE `tbl_entries_data_27` (
  `id` int(11) unsigned NOT NULL AUTO_INCREMENT,
  `entry_id` int(11) unsigned NOT NULL,
  `value` text,
  `value_formatted` text,
  PRIMARY KEY (`id`),
  KEY `entry_id` (`entry_id`),
  FULLTEXT KEY `value` (`value`)
) ENGINE=MyISAM AUTO_INCREMENT=4 DEFAULT CHARSET=utf8;

-- *** DATA: `tbl_entries_data_27` ***
INSERT INTO `tbl_entries_data_27` (`id`, `entry_id`, `value`, `value_formatted`) VALUES (3, 14, 'Open source XSLT content management system', '<p>Open source XSLT content management system</p>\n');

-- *** STRUCTURE: `tbl_entries_data_28` ***
DROP TABLE IF EXISTS `tbl_entries_data_28`;
CREATE TABLE `tbl_entries_data_28` (
  `id` int(11) unsigned NOT NULL AUTO_INCREMENT,
  `entry_id` int(11) unsigned NOT NULL,
  `value` text,
  `value_formatted` text,
  PRIMARY KEY (`id`),
  KEY `entry_id` (`entry_id`),
  FULLTEXT KEY `value` (`value`)
) ENGINE=MyISAM AUTO_INCREMENT=4 DEFAULT CHARSET=utf8;

-- *** DATA: `tbl_entries_data_28` ***
INSERT INTO `tbl_entries_data_28` (`id`, `entry_id`, `value`, `value_formatted`) VALUES (3, 14, 'Symphony is an open source content management system designed to let developers program exclusively in the XSLT templating language.\r\n\r\nThe philosophy behind Symphony is that nothing should be sacrificed for flexibility – developers should have full control over their website’s markup, URLs and data structures.', '<p>Symphony is an open source content management system designed to let developers program exclusively in the XSLT templating language.</p>\n\n<p>The philosophy behind Symphony is that nothing should be sacrificed for flexibility – developers should have full control over their website’s markup, URLs and data structures.</p>\n');

-- *** STRUCTURE: `tbl_entries_data_29` ***
DROP TABLE IF EXISTS `tbl_entries_data_29`;
CREATE TABLE `tbl_entries_data_29` (
  `id` int(11) unsigned NOT NULL AUTO_INCREMENT,
  `entry_id` int(11) unsigned NOT NULL,
  `value` varchar(80) DEFAULT NULL,
  `local` int(11) DEFAULT NULL,
  `gmt` int(11) DEFAULT NULL,
  PRIMARY KEY (`id`),
  KEY `entry_id` (`entry_id`),
  KEY `value` (`value`)
) ENGINE=MyISAM AUTO_INCREMENT=4 DEFAULT CHARSET=utf8;

-- *** DATA: `tbl_entries_data_29` ***
INSERT INTO `tbl_entries_data_29` (`id`, `entry_id`, `value`, `local`, `gmt`) VALUES (3, 14, '2009-07-06T06:38:00-07:00', 1246887480, 1246887480);

-- *** STRUCTURE: `tbl_entries_data_3` ***
DROP TABLE IF EXISTS `tbl_entries_data_3`;
CREATE TABLE `tbl_entries_data_3` (
  `id` int(11) unsigned NOT NULL AUTO_INCREMENT,
  `entry_id` int(11) unsigned NOT NULL,
  `handle` varchar(255) DEFAULT NULL,
  `value` varchar(255) DEFAULT NULL,
  PRIMARY KEY (`id`),
  KEY `entry_id` (`entry_id`),
  KEY `handle` (`handle`),
  KEY `value` (`value`)
) ENGINE=MyISAM AUTO_INCREMENT=2 DEFAULT CHARSET=utf8;

-- *** DATA: `tbl_entries_data_3` ***
INSERT INTO `tbl_entries_data_3` (`id`, `entry_id`, `handle`, `value`) VALUES (1, 11, 'home', 'Home');

-- *** STRUCTURE: `tbl_entries_data_30` ***
DROP TABLE IF EXISTS `tbl_entries_data_30`;
CREATE TABLE `tbl_entries_data_30` (
  `id` int(11) unsigned NOT NULL AUTO_INCREMENT,
  `entry_id` int(11) unsigned NOT NULL,
  `author_id` int(11) unsigned NOT NULL,
  PRIMARY KEY (`id`),
  KEY `entry_id` (`entry_id`),
  KEY `author_id` (`author_id`)
) ENGINE=MyISAM AUTO_INCREMENT=4 DEFAULT CHARSET=utf8;

-- *** DATA: `tbl_entries_data_30` ***
INSERT INTO `tbl_entries_data_30` (`id`, `entry_id`, `author_id`) VALUES (3, 14, 1);

-- *** STRUCTURE: `tbl_entries_data_31` ***
DROP TABLE IF EXISTS `tbl_entries_data_31`;
CREATE TABLE `tbl_entries_data_31` (
  `id` int(11) unsigned NOT NULL AUTO_INCREMENT,
  `entry_id` int(11) unsigned NOT NULL,
  `relation_id` int(11) unsigned NOT NULL,
  PRIMARY KEY (`id`),
  KEY `entry_id` (`entry_id`),
  KEY `relation_id` (`relation_id`)
) ENGINE=MyISAM AUTO_INCREMENT=3 DEFAULT CHARSET=utf8;

-- *** DATA: `tbl_entries_data_31` ***
INSERT INTO `tbl_entries_data_31` (`id`, `entry_id`, `relation_id`) VALUES (2, 14, 10);

-- *** STRUCTURE: `tbl_entries_data_32` ***
DROP TABLE IF EXISTS `tbl_entries_data_32`;
CREATE TABLE `tbl_entries_data_32` (
  `id` int(11) unsigned NOT NULL AUTO_INCREMENT,
  `entry_id` int(11) unsigned NOT NULL,
  `handle` varchar(255) DEFAULT NULL,
  `value` varchar(255) DEFAULT NULL,
  PRIMARY KEY (`id`),
  KEY `entry_id` (`entry_id`),
  KEY `handle` (`handle`),
  KEY `value` (`value`)
) ENGINE=MyISAM AUTO_INCREMENT=6 DEFAULT CHARSET=utf8;

-- *** DATA: `tbl_entries_data_32` ***
INSERT INTO `tbl_entries_data_32` (`id`, `entry_id`, `handle`, `value`) VALUES (1, 14, 'cms', 'CMS');
INSERT INTO `tbl_entries_data_32` (`id`, `entry_id`, `handle`, `value`) VALUES (2, 14, 'open-source', 'Open Source');
INSERT INTO `tbl_entries_data_32` (`id`, `entry_id`, `handle`, `value`) VALUES (3, 14, 'php', 'PHP');
INSERT INTO `tbl_entries_data_32` (`id`, `entry_id`, `handle`, `value`) VALUES (4, 14, 'xml', 'XML');
INSERT INTO `tbl_entries_data_32` (`id`, `entry_id`, `handle`, `value`) VALUES (5, 14, 'xslt', 'XSLT');

-- *** STRUCTURE: `tbl_entries_data_33` ***
DROP TABLE IF EXISTS `tbl_entries_data_33`;
CREATE TABLE `tbl_entries_data_33` (
  `id` int(11) unsigned NOT NULL AUTO_INCREMENT,
  `entry_id` int(11) unsigned NOT NULL,
  `value` enum('yes','no') NOT NULL DEFAULT 'yes',
  PRIMARY KEY (`id`),
  KEY `entry_id` (`entry_id`),
  KEY `value` (`value`)
) ENGINE=MyISAM AUTO_INCREMENT=4 DEFAULT CHARSET=utf8;

-- *** DATA: `tbl_entries_data_33` ***
INSERT INTO `tbl_entries_data_33` (`id`, `entry_id`, `value`) VALUES (3, 14, 'yes');

-- *** STRUCTURE: `tbl_entries_data_34` ***
DROP TABLE IF EXISTS `tbl_entries_data_34`;
CREATE TABLE `tbl_entries_data_34` (
  `id` int(11) unsigned NOT NULL AUTO_INCREMENT,
  `entry_id` int(11) unsigned NOT NULL,
  `value` enum('yes','no') NOT NULL DEFAULT 'no',
  PRIMARY KEY (`id`),
  KEY `entry_id` (`entry_id`),
  KEY `value` (`value`)
) ENGINE=MyISAM AUTO_INCREMENT=4 DEFAULT CHARSET=utf8;

-- *** DATA: `tbl_entries_data_34` ***
INSERT INTO `tbl_entries_data_34` (`id`, `entry_id`, `value`) VALUES (3, 14, 'no');

-- *** STRUCTURE: `tbl_entries_data_35` ***
DROP TABLE IF EXISTS `tbl_entries_data_35`;
CREATE TABLE `tbl_entries_data_35` (
  `id` int(11) unsigned NOT NULL AUTO_INCREMENT,
  `entry_id` int(11) unsigned NOT NULL,
  `file` varchar(255) DEFAULT NULL,
  `size` int(11) unsigned NOT NULL,
  `mimetype` varchar(50) DEFAULT NULL,
  `meta` varchar(255) DEFAULT NULL,
  PRIMARY KEY (`id`),
  KEY `entry_id` (`entry_id`),
  KEY `file` (`file`),
  KEY `mimetype` (`mimetype`)
) ENGINE=MyISAM DEFAULT CHARSET=utf8;

-- *** DATA: `tbl_entries_data_35` ***

-- *** STRUCTURE: `tbl_entries_data_36` ***
DROP TABLE IF EXISTS `tbl_entries_data_36`;
CREATE TABLE `tbl_entries_data_36` (
  `id` int(11) unsigned NOT NULL AUTO_INCREMENT,
  `entry_id` int(11) unsigned NOT NULL,
  `file` varchar(255) DEFAULT NULL,
  `size` int(11) unsigned NOT NULL,
  `mimetype` varchar(50) DEFAULT NULL,
  `meta` varchar(255) DEFAULT NULL,
  PRIMARY KEY (`id`),
  KEY `entry_id` (`entry_id`),
  KEY `file` (`file`),
  KEY `mimetype` (`mimetype`)
) ENGINE=MyISAM DEFAULT CHARSET=utf8;

-- *** DATA: `tbl_entries_data_36` ***

-- *** STRUCTURE: `tbl_entries_data_37` ***
DROP TABLE IF EXISTS `tbl_entries_data_37`;
CREATE TABLE `tbl_entries_data_37` (
  `id` int(11) unsigned NOT NULL AUTO_INCREMENT,
  `entry_id` int(11) unsigned NOT NULL,
  `handle` varchar(255) DEFAULT NULL,
  `value` varchar(255) DEFAULT NULL,
  PRIMARY KEY (`id`),
  KEY `entry_id` (`entry_id`),
  KEY `handle` (`handle`),
  KEY `value` (`value`)
) ENGINE=MyISAM AUTO_INCREMENT=6 DEFAULT CHARSET=utf8;

-- *** DATA: `tbl_entries_data_37` ***
INSERT INTO `tbl_entries_data_37` (`id`, `entry_id`, `handle`, `value`) VALUES (1, 3, 'bookmarks', 'Bookmarks');
INSERT INTO `tbl_entries_data_37` (`id`, `entry_id`, `handle`, `value`) VALUES (2, 4, 'books', 'Books');
INSERT INTO `tbl_entries_data_37` (`id`, `entry_id`, `handle`, `value`) VALUES (3, 5, 'files', 'Files');
INSERT INTO `tbl_entries_data_37` (`id`, `entry_id`, `handle`, `value`) VALUES (4, 6, 'photos', 'Photos');
INSERT INTO `tbl_entries_data_37` (`id`, `entry_id`, `handle`, `value`) VALUES (5, 7, 'sites', 'Sites');

-- *** STRUCTURE: `tbl_entries_data_38` ***
DROP TABLE IF EXISTS `tbl_entries_data_38`;
CREATE TABLE `tbl_entries_data_38` (
  `id` int(11) unsigned NOT NULL AUTO_INCREMENT,
  `entry_id` int(11) unsigned NOT NULL,
  `value` text,
  `value_formatted` text,
  PRIMARY KEY (`id`),
  KEY `entry_id` (`entry_id`),
  FULLTEXT KEY `value` (`value`)
) ENGINE=MyISAM AUTO_INCREMENT=6 DEFAULT CHARSET=utf8;

-- *** DATA: `tbl_entries_data_38` ***
INSERT INTO `tbl_entries_data_38` (`id`, `entry_id`, `value`, `value_formatted`) VALUES (1, 3, 'Things of interest on the world wide web', '<p>Things of interest on the world wide web</p>\n');
INSERT INTO `tbl_entries_data_38` (`id`, `entry_id`, `value`, `value_formatted`) VALUES (2, 4, 'A bibliographical reference or book review', '<p>A bibliographical reference or book review</p>\n');
INSERT INTO `tbl_entries_data_38` (`id`, `entry_id`, `value`, `value_formatted`) VALUES (3, 5, 'Files available for download', '<p>Files available for download</p>\n');
INSERT INTO `tbl_entries_data_38` (`id`, `entry_id`, `value`, `value_formatted`) VALUES (4, 6, 'Digital photography and imagery', '<p>Digital photography and imagery</p>\n');
INSERT INTO `tbl_entries_data_38` (`id`, `entry_id`, `value`, `value_formatted`) VALUES (5, 7, 'The sites I like to frequent', '<p>The sites I like to frequent</p>\n');

-- *** STRUCTURE: `tbl_entries_data_39` ***
DROP TABLE IF EXISTS `tbl_entries_data_39`;
CREATE TABLE `tbl_entries_data_39` (
  `id` int(11) unsigned NOT NULL AUTO_INCREMENT,
  `entry_id` int(11) unsigned NOT NULL,
  `handle` varchar(255) DEFAULT NULL,
  `value` varchar(255) DEFAULT NULL,
  PRIMARY KEY (`id`),
  KEY `entry_id` (`entry_id`),
  KEY `handle` (`handle`),
  KEY `value` (`value`)
) ENGINE=MyISAM AUTO_INCREMENT=8 DEFAULT CHARSET=utf8;

-- *** DATA: `tbl_entries_data_39` ***
INSERT INTO `tbl_entries_data_39` (`id`, `entry_id`, `handle`, `value`) VALUES (5, 9, 'design', 'Design');
INSERT INTO `tbl_entries_data_39` (`id`, `entry_id`, `handle`, `value`) VALUES (7, 10, 'technology', 'Technology');
INSERT INTO `tbl_entries_data_39` (`id`, `entry_id`, `handle`, `value`) VALUES (6, 8, 'strategy', 'Strategy');

-- *** STRUCTURE: `tbl_entries_data_4` ***
DROP TABLE IF EXISTS `tbl_entries_data_4`;
CREATE TABLE `tbl_entries_data_4` (
  `id` int(11) unsigned NOT NULL AUTO_INCREMENT,
  `entry_id` int(11) unsigned NOT NULL,
  `page_id` int(11) unsigned NOT NULL,
  `title` varchar(255) DEFAULT NULL,
  `handle` varchar(255) DEFAULT NULL,
  PRIMARY KEY (`id`),
  KEY `entry_id` (`entry_id`),
  KEY `handle` (`handle`),
  KEY `page_id` (`page_id`)
) ENGINE=MyISAM AUTO_INCREMENT=2 DEFAULT CHARSET=utf8;

-- *** DATA: `tbl_entries_data_4` ***
INSERT INTO `tbl_entries_data_4` (`id`, `entry_id`, `page_id`, `title`, `handle`) VALUES (1, 11, 1, 'Home', 'home');

-- *** STRUCTURE: `tbl_entries_data_40` ***
DROP TABLE IF EXISTS `tbl_entries_data_40`;
CREATE TABLE `tbl_entries_data_40` (
  `id` int(11) unsigned NOT NULL AUTO_INCREMENT,
  `entry_id` int(11) unsigned NOT NULL,
  `value` text,
  `value_formatted` text,
  PRIMARY KEY (`id`),
  KEY `entry_id` (`entry_id`),
  FULLTEXT KEY `value` (`value`)
) ENGINE=MyISAM AUTO_INCREMENT=8 DEFAULT CHARSET=utf8;

-- *** DATA: `tbl_entries_data_40` ***
INSERT INTO `tbl_entries_data_40` (`id`, `entry_id`, `value`, `value_formatted`) VALUES (5, 9, 'Researching, conceptualizing and developing ideas for real world applications', '<p>Researching, conceptualizing and developing ideas for real world applications</p>\n');
INSERT INTO `tbl_entries_data_40` (`id`, `entry_id`, `value`, `value_formatted`) VALUES (7, 10, 'The tools that we use to get the job done', '<p>The tools that we use to get the job done</p>\n');
INSERT INTO `tbl_entries_data_40` (`id`, `entry_id`, `value`, `value_formatted`) VALUES (6, 8, 'Defining the best course of action and developing a plan to implement it', '<p>Defining the best course of action and developing a plan to implement it</p>\n');

-- *** STRUCTURE: `tbl_entries_data_41` ***
DROP TABLE IF EXISTS `tbl_entries_data_41`;
CREATE TABLE `tbl_entries_data_41` (
  `id` int(11) unsigned NOT NULL AUTO_INCREMENT,
  `entry_id` int(11) unsigned NOT NULL,
  `value` text,
  `value_formatted` text,
  PRIMARY KEY (`id`),
  KEY `entry_id` (`entry_id`),
  FULLTEXT KEY `value` (`value`)
) ENGINE=MyISAM AUTO_INCREMENT=8 DEFAULT CHARSET=utf8;

-- *** DATA: `tbl_entries_data_41` ***
INSERT INTO `tbl_entries_data_41` (`id`, `entry_id`, `value`, `value_formatted`) VALUES (6, 8, NULL, NULL);
INSERT INTO `tbl_entries_data_41` (`id`, `entry_id`, `value`, `value_formatted`) VALUES (5, 9, NULL, NULL);
INSERT INTO `tbl_entries_data_41` (`id`, `entry_id`, `value`, `value_formatted`) VALUES (7, 10, NULL, NULL);

-- *** STRUCTURE: `tbl_entries_data_42` ***
DROP TABLE IF EXISTS `tbl_entries_data_42`;
CREATE TABLE `tbl_entries_data_42` (
  `id` int(11) unsigned NOT NULL AUTO_INCREMENT,
  `entry_id` int(11) unsigned NOT NULL,
  `handle` varchar(255) DEFAULT NULL,
  `value` varchar(255) DEFAULT NULL,
  PRIMARY KEY (`id`),
  KEY `entry_id` (`entry_id`),
  KEY `handle` (`handle`),
  KEY `value` (`value`)
) ENGINE=MyISAM DEFAULT CHARSET=utf8;

-- *** DATA: `tbl_entries_data_42` ***

-- *** STRUCTURE: `tbl_entries_data_43` ***
DROP TABLE IF EXISTS `tbl_entries_data_43`;
CREATE TABLE `tbl_entries_data_43` (
  `id` int(11) unsigned NOT NULL AUTO_INCREMENT,
  `entry_id` int(11) unsigned NOT NULL,
  `handle` varchar(255) DEFAULT NULL,
  `value` varchar(255) DEFAULT NULL,
  PRIMARY KEY (`id`),
  KEY `entry_id` (`entry_id`),
  KEY `handle` (`handle`),
  KEY `value` (`value`)
) ENGINE=MyISAM DEFAULT CHARSET=utf8;

-- *** DATA: `tbl_entries_data_43` ***

-- *** STRUCTURE: `tbl_entries_data_44` ***
DROP TABLE IF EXISTS `tbl_entries_data_44`;
CREATE TABLE `tbl_entries_data_44` (
  `id` int(11) unsigned NOT NULL AUTO_INCREMENT,
  `entry_id` int(11) unsigned NOT NULL,
  `handle` varchar(255) DEFAULT NULL,
  `value` varchar(255) DEFAULT NULL,
  PRIMARY KEY (`id`),
  KEY `entry_id` (`entry_id`),
  KEY `handle` (`handle`),
  KEY `value` (`value`)
) ENGINE=MyISAM DEFAULT CHARSET=utf8;

-- *** DATA: `tbl_entries_data_44` ***

-- *** STRUCTURE: `tbl_entries_data_45` ***
DROP TABLE IF EXISTS `tbl_entries_data_45`;
CREATE TABLE `tbl_entries_data_45` (
  `id` int(11) unsigned NOT NULL AUTO_INCREMENT,
  `entry_id` int(11) unsigned NOT NULL,
  `value` varchar(80) DEFAULT NULL,
  `local` int(11) DEFAULT NULL,
  `gmt` int(11) DEFAULT NULL,
  PRIMARY KEY (`id`),
  KEY `entry_id` (`entry_id`),
  KEY `value` (`value`)
) ENGINE=MyISAM DEFAULT CHARSET=utf8;

-- *** DATA: `tbl_entries_data_45` ***

-- *** STRUCTURE: `tbl_entries_data_46` ***
DROP TABLE IF EXISTS `tbl_entries_data_46`;
CREATE TABLE `tbl_entries_data_46` (
  `id` int(11) unsigned NOT NULL AUTO_INCREMENT,
  `entry_id` int(11) unsigned NOT NULL,
  `relation_id` int(11) unsigned NOT NULL,
  PRIMARY KEY (`id`),
  KEY `entry_id` (`entry_id`),
  KEY `relation_id` (`relation_id`)
) ENGINE=MyISAM DEFAULT CHARSET=utf8;

-- *** DATA: `tbl_entries_data_46` ***

-- *** STRUCTURE: `tbl_entries_data_47` ***
DROP TABLE IF EXISTS `tbl_entries_data_47`;
CREATE TABLE `tbl_entries_data_47` (
  `id` int(11) unsigned NOT NULL AUTO_INCREMENT,
  `entry_id` int(11) unsigned NOT NULL,
  `relation_id` int(11) unsigned NOT NULL,
  PRIMARY KEY (`id`),
  KEY `entry_id` (`entry_id`),
  KEY `relation_id` (`relation_id`)
) ENGINE=MyISAM DEFAULT CHARSET=utf8;

-- *** DATA: `tbl_entries_data_47` ***

-- *** STRUCTURE: `tbl_entries_data_48` ***
DROP TABLE IF EXISTS `tbl_entries_data_48`;
CREATE TABLE `tbl_entries_data_48` (
  `id` int(11) unsigned NOT NULL AUTO_INCREMENT,
  `entry_id` int(11) unsigned NOT NULL,
  `value` text,
  `value_formatted` text,
  PRIMARY KEY (`id`),
  KEY `entry_id` (`entry_id`),
  FULLTEXT KEY `value` (`value`)
) ENGINE=MyISAM DEFAULT CHARSET=utf8;

-- *** DATA: `tbl_entries_data_48` ***

-- *** STRUCTURE: `tbl_entries_data_49` ***
DROP TABLE IF EXISTS `tbl_entries_data_49`;
CREATE TABLE `tbl_entries_data_49` (
  `id` int(11) unsigned NOT NULL AUTO_INCREMENT,
  `entry_id` int(11) unsigned NOT NULL,
  `value` enum('yes','no') NOT NULL DEFAULT 'no',
  PRIMARY KEY (`id`),
  KEY `entry_id` (`entry_id`),
  KEY `value` (`value`)
) ENGINE=MyISAM DEFAULT CHARSET=utf8;

-- *** DATA: `tbl_entries_data_49` ***

-- *** STRUCTURE: `tbl_entries_data_5` ***
DROP TABLE IF EXISTS `tbl_entries_data_5`;
CREATE TABLE `tbl_entries_data_5` (
  `id` int(11) unsigned NOT NULL AUTO_INCREMENT,
  `entry_id` int(11) unsigned NOT NULL,
  `handle` varchar(255) DEFAULT NULL,
  `value` varchar(255) DEFAULT NULL,
  PRIMARY KEY (`id`),
  KEY `entry_id` (`entry_id`),
  KEY `handle` (`handle`),
  KEY `value` (`value`)
) ENGINE=MyISAM AUTO_INCREMENT=2 DEFAULT CHARSET=utf8;

-- *** DATA: `tbl_entries_data_5` ***
INSERT INTO `tbl_entries_data_5` (`id`, `entry_id`, `handle`, `value`) VALUES (1, 11, 'my-home-page', 'My Home Page');

-- *** STRUCTURE: `tbl_entries_data_50` ***
DROP TABLE IF EXISTS `tbl_entries_data_50`;
CREATE TABLE `tbl_entries_data_50` (
  `id` int(11) unsigned NOT NULL AUTO_INCREMENT,
  `entry_id` int(11) unsigned NOT NULL,
  `handle` varchar(255) DEFAULT NULL,
  `value` varchar(255) DEFAULT NULL,
  PRIMARY KEY (`id`),
  KEY `entry_id` (`entry_id`),
  KEY `handle` (`handle`),
  KEY `value` (`value`)
) ENGINE=MyISAM DEFAULT CHARSET=utf8;

-- *** DATA: `tbl_entries_data_50` ***

-- *** STRUCTURE: `tbl_entries_data_51` ***
DROP TABLE IF EXISTS `tbl_entries_data_51`;
CREATE TABLE `tbl_entries_data_51` (
  `id` int(11) unsigned NOT NULL AUTO_INCREMENT,
  `entry_id` int(11) unsigned NOT NULL,
  `handle` varchar(255) DEFAULT NULL,
  `value` varchar(255) DEFAULT NULL,
  PRIMARY KEY (`id`),
  KEY `entry_id` (`entry_id`),
  KEY `handle` (`handle`),
  KEY `value` (`value`)
) ENGINE=MyISAM DEFAULT CHARSET=utf8;

-- *** DATA: `tbl_entries_data_51` ***

-- *** STRUCTURE: `tbl_entries_data_52` ***
DROP TABLE IF EXISTS `tbl_entries_data_52`;
CREATE TABLE `tbl_entries_data_52` (
  `id` int(11) unsigned NOT NULL AUTO_INCREMENT,
  `entry_id` int(11) unsigned NOT NULL,
  `handle` varchar(255) DEFAULT NULL,
  `value` varchar(255) DEFAULT NULL,
  PRIMARY KEY (`id`),
  KEY `entry_id` (`entry_id`),
  KEY `handle` (`handle`),
  KEY `value` (`value`)
) ENGINE=MyISAM DEFAULT CHARSET=utf8;

-- *** DATA: `tbl_entries_data_52` ***

-- *** STRUCTURE: `tbl_entries_data_53` ***
DROP TABLE IF EXISTS `tbl_entries_data_53`;
CREATE TABLE `tbl_entries_data_53` (
  `id` int(11) unsigned NOT NULL AUTO_INCREMENT,
  `entry_id` int(11) unsigned NOT NULL,
  `value` text,
  `value_formatted` text,
  PRIMARY KEY (`id`),
  KEY `entry_id` (`entry_id`),
  FULLTEXT KEY `value` (`value`)
) ENGINE=MyISAM DEFAULT CHARSET=utf8;

-- *** DATA: `tbl_entries_data_53` ***

-- *** STRUCTURE: `tbl_entries_data_54` ***
DROP TABLE IF EXISTS `tbl_entries_data_54`;
CREATE TABLE `tbl_entries_data_54` (
  `id` int(11) unsigned NOT NULL AUTO_INCREMENT,
  `entry_id` int(11) unsigned NOT NULL,
  `value` varchar(80) DEFAULT NULL,
  `local` int(11) DEFAULT NULL,
  `gmt` int(11) DEFAULT NULL,
  PRIMARY KEY (`id`),
  KEY `entry_id` (`entry_id`),
  KEY `value` (`value`)
) ENGINE=MyISAM DEFAULT CHARSET=utf8;

-- *** DATA: `tbl_entries_data_54` ***

-- *** STRUCTURE: `tbl_entries_data_55` ***
DROP TABLE IF EXISTS `tbl_entries_data_55`;
CREATE TABLE `tbl_entries_data_55` (
  `id` int(11) unsigned NOT NULL AUTO_INCREMENT,
  `entry_id` int(11) unsigned NOT NULL,
  `value` text,
  `value_formatted` text,
  PRIMARY KEY (`id`),
  KEY `entry_id` (`entry_id`),
  FULLTEXT KEY `value` (`value`)
) ENGINE=MyISAM DEFAULT CHARSET=utf8;

-- *** DATA: `tbl_entries_data_55` ***

-- *** STRUCTURE: `tbl_entries_data_56` ***
DROP TABLE IF EXISTS `tbl_entries_data_56`;
CREATE TABLE `tbl_entries_data_56` (
  `id` int(11) unsigned NOT NULL AUTO_INCREMENT,
  `entry_id` int(11) unsigned NOT NULL,
  `handle` varchar(255) DEFAULT NULL,
  `value` varchar(255) DEFAULT NULL,
  PRIMARY KEY (`id`),
  KEY `entry_id` (`entry_id`),
  KEY `handle` (`handle`),
  KEY `value` (`value`)
) ENGINE=MyISAM DEFAULT CHARSET=utf8;

-- *** DATA: `tbl_entries_data_56` ***

-- *** STRUCTURE: `tbl_entries_data_57` ***
DROP TABLE IF EXISTS `tbl_entries_data_57`;
CREATE TABLE `tbl_entries_data_57` (
  `id` int(11) unsigned NOT NULL AUTO_INCREMENT,
  `entry_id` int(11) unsigned NOT NULL,
  `value` text,
  `value_formatted` text,
  PRIMARY KEY (`id`),
  KEY `entry_id` (`entry_id`),
  FULLTEXT KEY `value` (`value`)
) ENGINE=MyISAM DEFAULT CHARSET=utf8;

-- *** DATA: `tbl_entries_data_57` ***

-- *** STRUCTURE: `tbl_entries_data_58` ***
DROP TABLE IF EXISTS `tbl_entries_data_58`;
CREATE TABLE `tbl_entries_data_58` (
  `id` int(11) unsigned NOT NULL AUTO_INCREMENT,
  `entry_id` int(11) unsigned NOT NULL,
  `file` varchar(255) DEFAULT NULL,
  `size` int(11) unsigned NOT NULL,
  `mimetype` varchar(50) DEFAULT NULL,
  `meta` varchar(255) DEFAULT NULL,
  PRIMARY KEY (`id`),
  KEY `entry_id` (`entry_id`),
  KEY `file` (`file`),
  KEY `mimetype` (`mimetype`)
) ENGINE=MyISAM DEFAULT CHARSET=utf8;

-- *** DATA: `tbl_entries_data_58` ***

-- *** STRUCTURE: `tbl_entries_data_59` ***
DROP TABLE IF EXISTS `tbl_entries_data_59`;
CREATE TABLE `tbl_entries_data_59` (
  `id` int(11) unsigned NOT NULL AUTO_INCREMENT,
  `entry_id` int(11) unsigned NOT NULL,
  `handle` varchar(255) DEFAULT NULL,
  `value` varchar(255) DEFAULT NULL,
  PRIMARY KEY (`id`),
  KEY `entry_id` (`entry_id`),
  KEY `handle` (`handle`),
  KEY `value` (`value`)
) ENGINE=MyISAM DEFAULT CHARSET=utf8;

-- *** DATA: `tbl_entries_data_59` ***

-- *** STRUCTURE: `tbl_entries_data_6` ***
DROP TABLE IF EXISTS `tbl_entries_data_6`;
CREATE TABLE `tbl_entries_data_6` (
  `id` int(11) unsigned NOT NULL AUTO_INCREMENT,
  `entry_id` int(11) unsigned NOT NULL,
  `value` text,
  `value_formatted` text,
  PRIMARY KEY (`id`),
  KEY `entry_id` (`entry_id`),
  FULLTEXT KEY `value` (`value`)
) ENGINE=MyISAM AUTO_INCREMENT=2 DEFAULT CHARSET=utf8;

-- *** DATA: `tbl_entries_data_6` ***
INSERT INTO `tbl_entries_data_6` (`id`, `entry_id`, `value`, `value_formatted`) VALUES (1, 11, 'A description of my home page', '<p>A description of my home page</p>\n');

-- *** STRUCTURE: `tbl_entries_data_60` ***
DROP TABLE IF EXISTS `tbl_entries_data_60`;
CREATE TABLE `tbl_entries_data_60` (
  `id` int(11) unsigned NOT NULL AUTO_INCREMENT,
  `entry_id` int(11) unsigned NOT NULL,
  `value` text,
  `value_formatted` text,
  PRIMARY KEY (`id`),
  KEY `entry_id` (`entry_id`),
  FULLTEXT KEY `value` (`value`)
) ENGINE=MyISAM DEFAULT CHARSET=utf8;

-- *** DATA: `tbl_entries_data_60` ***

-- *** STRUCTURE: `tbl_entries_data_61` ***
DROP TABLE IF EXISTS `tbl_entries_data_61`;
CREATE TABLE `tbl_entries_data_61` (
  `id` int(11) unsigned NOT NULL AUTO_INCREMENT,
  `entry_id` int(11) unsigned NOT NULL,
  `value` text,
  `value_formatted` text,
  PRIMARY KEY (`id`),
  KEY `entry_id` (`entry_id`),
  FULLTEXT KEY `value` (`value`)
) ENGINE=MyISAM DEFAULT CHARSET=utf8;

-- *** DATA: `tbl_entries_data_61` ***

-- *** STRUCTURE: `tbl_entries_data_62` ***
DROP TABLE IF EXISTS `tbl_entries_data_62`;
CREATE TABLE `tbl_entries_data_62` (
  `id` int(11) unsigned NOT NULL AUTO_INCREMENT,
  `entry_id` int(11) unsigned NOT NULL,
  `file` varchar(255) DEFAULT NULL,
  `size` int(11) unsigned NOT NULL,
  `mimetype` varchar(50) DEFAULT NULL,
  `meta` varchar(255) DEFAULT NULL,
  PRIMARY KEY (`id`),
  KEY `entry_id` (`entry_id`),
  KEY `file` (`file`),
  KEY `mimetype` (`mimetype`)
) ENGINE=MyISAM DEFAULT CHARSET=utf8;

-- *** DATA: `tbl_entries_data_62` ***

-- *** STRUCTURE: `tbl_entries_data_63` ***
DROP TABLE IF EXISTS `tbl_entries_data_63`;
CREATE TABLE `tbl_entries_data_63` (
  `id` int(11) unsigned NOT NULL AUTO_INCREMENT,
  `entry_id` int(11) unsigned NOT NULL,
  `handle` varchar(255) DEFAULT NULL,
  `value` varchar(255) DEFAULT NULL,
  PRIMARY KEY (`id`),
  KEY `entry_id` (`entry_id`),
  KEY `handle` (`handle`),
  KEY `value` (`value`)
) ENGINE=MyISAM DEFAULT CHARSET=utf8;

-- *** DATA: `tbl_entries_data_63` ***

-- *** STRUCTURE: `tbl_entries_data_64` ***
DROP TABLE IF EXISTS `tbl_entries_data_64`;
CREATE TABLE `tbl_entries_data_64` (
  `id` int(11) unsigned NOT NULL AUTO_INCREMENT,
  `entry_id` int(11) unsigned NOT NULL,
  `handle` varchar(255) DEFAULT NULL,
  `value` varchar(255) DEFAULT NULL,
  PRIMARY KEY (`id`),
  KEY `entry_id` (`entry_id`),
  KEY `handle` (`handle`),
  KEY `value` (`value`)
) ENGINE=MyISAM DEFAULT CHARSET=utf8;

-- *** DATA: `tbl_entries_data_64` ***

-- *** STRUCTURE: `tbl_entries_data_65` ***
DROP TABLE IF EXISTS `tbl_entries_data_65`;
CREATE TABLE `tbl_entries_data_65` (
  `id` int(11) unsigned NOT NULL AUTO_INCREMENT,
  `entry_id` int(11) unsigned NOT NULL,
  `value` varchar(80) DEFAULT NULL,
  `local` int(11) DEFAULT NULL,
  `gmt` int(11) DEFAULT NULL,
  PRIMARY KEY (`id`),
  KEY `entry_id` (`entry_id`),
  KEY `value` (`value`)
) ENGINE=MyISAM DEFAULT CHARSET=utf8;

-- *** DATA: `tbl_entries_data_65` ***

-- *** STRUCTURE: `tbl_entries_data_66` ***
DROP TABLE IF EXISTS `tbl_entries_data_66`;
CREATE TABLE `tbl_entries_data_66` (
  `id` int(11) unsigned NOT NULL AUTO_INCREMENT,
  `entry_id` int(11) unsigned NOT NULL,
  `handle` varchar(255) DEFAULT NULL,
  `value` varchar(255) DEFAULT NULL,
  PRIMARY KEY (`id`),
  KEY `entry_id` (`entry_id`),
  KEY `handle` (`handle`),
  KEY `value` (`value`)
) ENGINE=MyISAM DEFAULT CHARSET=utf8;

-- *** DATA: `tbl_entries_data_66` ***

-- *** STRUCTURE: `tbl_entries_data_67` ***
DROP TABLE IF EXISTS `tbl_entries_data_67`;
CREATE TABLE `tbl_entries_data_67` (
  `id` int(11) unsigned NOT NULL AUTO_INCREMENT,
  `entry_id` int(11) unsigned NOT NULL,
  `handle` varchar(255) DEFAULT NULL,
  `value` varchar(255) DEFAULT NULL,
  PRIMARY KEY (`id`),
  KEY `entry_id` (`entry_id`),
  KEY `handle` (`handle`),
  KEY `value` (`value`)
) ENGINE=MyISAM DEFAULT CHARSET=utf8;

-- *** DATA: `tbl_entries_data_67` ***

-- *** STRUCTURE: `tbl_entries_data_68` ***
DROP TABLE IF EXISTS `tbl_entries_data_68`;
CREATE TABLE `tbl_entries_data_68` (
  `id` int(11) unsigned NOT NULL AUTO_INCREMENT,
  `entry_id` int(11) unsigned NOT NULL,
  `relation_id` int(11) unsigned NOT NULL,
  PRIMARY KEY (`id`),
  KEY `entry_id` (`entry_id`),
  KEY `relation_id` (`relation_id`)
) ENGINE=MyISAM DEFAULT CHARSET=utf8;

-- *** DATA: `tbl_entries_data_68` ***

-- *** STRUCTURE: `tbl_entries_data_69` ***
DROP TABLE IF EXISTS `tbl_entries_data_69`;
CREATE TABLE `tbl_entries_data_69` (
  `id` int(11) unsigned NOT NULL AUTO_INCREMENT,
  `entry_id` int(11) unsigned NOT NULL,
  `value` text,
  `value_formatted` text,
  PRIMARY KEY (`id`),
  KEY `entry_id` (`entry_id`),
  FULLTEXT KEY `value` (`value`)
) ENGINE=MyISAM DEFAULT CHARSET=utf8;

-- *** DATA: `tbl_entries_data_69` ***

-- *** STRUCTURE: `tbl_entries_data_7` ***
DROP TABLE IF EXISTS `tbl_entries_data_7`;
CREATE TABLE `tbl_entries_data_7` (
  `id` int(11) unsigned NOT NULL AUTO_INCREMENT,
  `entry_id` int(11) unsigned NOT NULL,
  `value` text,
  `value_formatted` text,
  PRIMARY KEY (`id`),
  KEY `entry_id` (`entry_id`),
  FULLTEXT KEY `value` (`value`)
) ENGINE=MyISAM AUTO_INCREMENT=2 DEFAULT CHARSET=utf8;

-- *** DATA: `tbl_entries_data_7` ***
INSERT INTO `tbl_entries_data_7` (`id`, `entry_id`, `value`, `value_formatted`) VALUES (1, 11, NULL, NULL);

-- *** STRUCTURE: `tbl_entries_data_70` ***
DROP TABLE IF EXISTS `tbl_entries_data_70`;
CREATE TABLE `tbl_entries_data_70` (
  `id` int(11) unsigned NOT NULL AUTO_INCREMENT,
  `entry_id` int(11) unsigned NOT NULL,
  `value` text,
  `value_formatted` text,
  PRIMARY KEY (`id`),
  KEY `entry_id` (`entry_id`),
  FULLTEXT KEY `value` (`value`)
) ENGINE=MyISAM DEFAULT CHARSET=utf8;

-- *** DATA: `tbl_entries_data_70` ***

-- *** STRUCTURE: `tbl_entries_data_71` ***
DROP TABLE IF EXISTS `tbl_entries_data_71`;
CREATE TABLE `tbl_entries_data_71` (
  `id` int(11) unsigned NOT NULL AUTO_INCREMENT,
  `entry_id` int(11) unsigned NOT NULL,
  `handle` varchar(255) DEFAULT NULL,
  `value` varchar(255) DEFAULT NULL,
  PRIMARY KEY (`id`),
  KEY `entry_id` (`entry_id`),
  KEY `handle` (`handle`),
  KEY `value` (`value`)
) ENGINE=MyISAM DEFAULT CHARSET=utf8;

-- *** DATA: `tbl_entries_data_71` ***

-- *** STRUCTURE: `tbl_entries_data_72` ***
DROP TABLE IF EXISTS `tbl_entries_data_72`;
CREATE TABLE `tbl_entries_data_72` (
  `id` int(11) unsigned NOT NULL AUTO_INCREMENT,
  `entry_id` int(11) unsigned NOT NULL,
  `handle` varchar(255) DEFAULT NULL,
  `value` varchar(255) DEFAULT NULL,
  PRIMARY KEY (`id`),
  KEY `entry_id` (`entry_id`),
  KEY `handle` (`handle`),
  KEY `value` (`value`)
) ENGINE=MyISAM DEFAULT CHARSET=utf8;

-- *** DATA: `tbl_entries_data_72` ***

-- *** STRUCTURE: `tbl_entries_data_73` ***
DROP TABLE IF EXISTS `tbl_entries_data_73`;
CREATE TABLE `tbl_entries_data_73` (
  `id` int(11) unsigned NOT NULL AUTO_INCREMENT,
  `entry_id` int(11) unsigned NOT NULL,
  `handle` varchar(255) DEFAULT NULL,
  `value` varchar(255) DEFAULT NULL,
  PRIMARY KEY (`id`),
  KEY `entry_id` (`entry_id`),
  KEY `handle` (`handle`),
  KEY `value` (`value`)
) ENGINE=MyISAM DEFAULT CHARSET=utf8;

-- *** DATA: `tbl_entries_data_73` ***

-- *** STRUCTURE: `tbl_entries_data_74` ***
DROP TABLE IF EXISTS `tbl_entries_data_74`;
CREATE TABLE `tbl_entries_data_74` (
  `id` int(11) unsigned NOT NULL AUTO_INCREMENT,
  `entry_id` int(11) unsigned NOT NULL,
  `handle` varchar(255) DEFAULT NULL,
  `value` varchar(255) DEFAULT NULL,
  PRIMARY KEY (`id`),
  KEY `entry_id` (`entry_id`),
  KEY `handle` (`handle`),
  KEY `value` (`value`)
) ENGINE=MyISAM DEFAULT CHARSET=utf8;

-- *** DATA: `tbl_entries_data_74` ***

-- *** STRUCTURE: `tbl_entries_data_75` ***
DROP TABLE IF EXISTS `tbl_entries_data_75`;
CREATE TABLE `tbl_entries_data_75` (
  `id` int(11) unsigned NOT NULL AUTO_INCREMENT,
  `entry_id` int(11) unsigned NOT NULL,
  `handle` varchar(255) DEFAULT NULL,
  `value` varchar(255) DEFAULT NULL,
  PRIMARY KEY (`id`),
  KEY `entry_id` (`entry_id`),
  KEY `handle` (`handle`),
  KEY `value` (`value`)
) ENGINE=MyISAM DEFAULT CHARSET=utf8;

-- *** DATA: `tbl_entries_data_75` ***

-- *** STRUCTURE: `tbl_entries_data_76` ***
DROP TABLE IF EXISTS `tbl_entries_data_76`;
CREATE TABLE `tbl_entries_data_76` (
  `id` int(11) unsigned NOT NULL AUTO_INCREMENT,
  `entry_id` int(11) unsigned NOT NULL,
  `handle` varchar(255) DEFAULT NULL,
  `value` varchar(255) DEFAULT NULL,
  PRIMARY KEY (`id`),
  KEY `entry_id` (`entry_id`),
  KEY `handle` (`handle`),
  KEY `value` (`value`)
) ENGINE=MyISAM DEFAULT CHARSET=utf8;

-- *** DATA: `tbl_entries_data_76` ***

-- *** STRUCTURE: `tbl_entries_data_77` ***
DROP TABLE IF EXISTS `tbl_entries_data_77`;
CREATE TABLE `tbl_entries_data_77` (
  `id` int(11) unsigned NOT NULL AUTO_INCREMENT,
  `entry_id` int(11) unsigned NOT NULL,
  `handle` varchar(255) DEFAULT NULL,
  `value` varchar(255) DEFAULT NULL,
  PRIMARY KEY (`id`),
  KEY `entry_id` (`entry_id`),
  KEY `handle` (`handle`),
  KEY `value` (`value`)
) ENGINE=MyISAM DEFAULT CHARSET=utf8;

-- *** DATA: `tbl_entries_data_77` ***

-- *** STRUCTURE: `tbl_entries_data_78` ***
DROP TABLE IF EXISTS `tbl_entries_data_78`;
CREATE TABLE `tbl_entries_data_78` (
  `id` int(11) unsigned NOT NULL AUTO_INCREMENT,
  `entry_id` int(11) unsigned NOT NULL,
  `handle` varchar(255) DEFAULT NULL,
  `value` varchar(255) DEFAULT NULL,
  PRIMARY KEY (`id`),
  KEY `entry_id` (`entry_id`),
  KEY `handle` (`handle`),
  KEY `value` (`value`)
) ENGINE=MyISAM DEFAULT CHARSET=utf8;

-- *** DATA: `tbl_entries_data_78` ***

-- *** STRUCTURE: `tbl_entries_data_79` ***
DROP TABLE IF EXISTS `tbl_entries_data_79`;
CREATE TABLE `tbl_entries_data_79` (
  `id` int(11) unsigned NOT NULL AUTO_INCREMENT,
  `entry_id` int(11) unsigned NOT NULL,
  `file` varchar(255) DEFAULT NULL,
  `size` int(11) unsigned NOT NULL,
  `mimetype` varchar(50) DEFAULT NULL,
  `meta` varchar(255) DEFAULT NULL,
  PRIMARY KEY (`id`),
  KEY `entry_id` (`entry_id`),
  KEY `file` (`file`),
  KEY `mimetype` (`mimetype`)
) ENGINE=MyISAM DEFAULT CHARSET=utf8;

-- *** DATA: `tbl_entries_data_79` ***

-- *** STRUCTURE: `tbl_entries_data_8` ***
DROP TABLE IF EXISTS `tbl_entries_data_8`;
CREATE TABLE `tbl_entries_data_8` (
  `id` int(11) unsigned NOT NULL AUTO_INCREMENT,
  `entry_id` int(11) unsigned NOT NULL,
  `relation_id` int(11) unsigned NOT NULL,
  PRIMARY KEY (`id`),
  KEY `entry_id` (`entry_id`),
  KEY `relation_id` (`relation_id`)
) ENGINE=MyISAM AUTO_INCREMENT=2 DEFAULT CHARSET=utf8;

-- *** DATA: `tbl_entries_data_8` ***
INSERT INTO `tbl_entries_data_8` (`id`, `entry_id`, `relation_id`) VALUES (1, 11, 1);

-- *** STRUCTURE: `tbl_entries_data_80` ***
DROP TABLE IF EXISTS `tbl_entries_data_80`;
CREATE TABLE `tbl_entries_data_80` (
  `id` int(11) unsigned NOT NULL AUTO_INCREMENT,
  `entry_id` int(11) unsigned NOT NULL,
  `file` varchar(255) DEFAULT NULL,
  `size` int(11) unsigned NOT NULL,
  `mimetype` varchar(50) DEFAULT NULL,
  `meta` varchar(255) DEFAULT NULL,
  PRIMARY KEY (`id`),
  KEY `entry_id` (`entry_id`),
  KEY `file` (`file`),
  KEY `mimetype` (`mimetype`)
) ENGINE=MyISAM DEFAULT CHARSET=utf8;

-- *** DATA: `tbl_entries_data_80` ***

-- *** STRUCTURE: `tbl_entries_data_81` ***
DROP TABLE IF EXISTS `tbl_entries_data_81`;
CREATE TABLE `tbl_entries_data_81` (
  `id` int(11) unsigned NOT NULL AUTO_INCREMENT,
  `entry_id` int(11) unsigned NOT NULL,
  `file` varchar(255) DEFAULT NULL,
  `size` int(11) unsigned NOT NULL,
  `mimetype` varchar(50) DEFAULT NULL,
  `meta` varchar(255) DEFAULT NULL,
  PRIMARY KEY (`id`),
  KEY `entry_id` (`entry_id`),
  KEY `file` (`file`),
  KEY `mimetype` (`mimetype`)
) ENGINE=MyISAM DEFAULT CHARSET=utf8;

-- *** DATA: `tbl_entries_data_81` ***

-- *** STRUCTURE: `tbl_entries_data_82` ***
DROP TABLE IF EXISTS `tbl_entries_data_82`;
CREATE TABLE `tbl_entries_data_82` (
  `id` int(11) unsigned NOT NULL AUTO_INCREMENT,
  `entry_id` int(11) unsigned NOT NULL,
  `file` varchar(255) DEFAULT NULL,
  `size` int(11) unsigned NOT NULL,
  `mimetype` varchar(50) DEFAULT NULL,
  `meta` varchar(255) DEFAULT NULL,
  PRIMARY KEY (`id`),
  KEY `entry_id` (`entry_id`),
  KEY `file` (`file`),
  KEY `mimetype` (`mimetype`)
) ENGINE=MyISAM DEFAULT CHARSET=utf8;

-- *** DATA: `tbl_entries_data_82` ***

-- *** STRUCTURE: `tbl_entries_data_83` ***
DROP TABLE IF EXISTS `tbl_entries_data_83`;
CREATE TABLE `tbl_entries_data_83` (
  `id` int(11) unsigned NOT NULL AUTO_INCREMENT,
  `entry_id` int(11) unsigned NOT NULL,
  `file` varchar(255) DEFAULT NULL,
  `size` int(11) unsigned NOT NULL,
  `mimetype` varchar(50) DEFAULT NULL,
  `meta` varchar(255) DEFAULT NULL,
  PRIMARY KEY (`id`),
  KEY `entry_id` (`entry_id`),
  KEY `file` (`file`),
  KEY `mimetype` (`mimetype`)
) ENGINE=MyISAM DEFAULT CHARSET=utf8;

-- *** DATA: `tbl_entries_data_83` ***

-- *** STRUCTURE: `tbl_entries_data_9` ***
DROP TABLE IF EXISTS `tbl_entries_data_9`;
CREATE TABLE `tbl_entries_data_9` (
  `id` int(11) unsigned NOT NULL AUTO_INCREMENT,
  `entry_id` int(11) unsigned NOT NULL,
  `value` double DEFAULT NULL,
  PRIMARY KEY (`id`),
  KEY `entry_id` (`entry_id`),
  KEY `value` (`value`)
) ENGINE=MyISAM AUTO_INCREMENT=2 DEFAULT CHARSET=utf8;

-- *** DATA: `tbl_entries_data_9` ***
INSERT INTO `tbl_entries_data_9` (`id`, `entry_id`, `value`) VALUES (1, 11, 1);

-- *** DATA: `tbl_entries` ***
INSERT INTO `tbl_entries` (`id`, `section_id`, `author_id`, `creation_date`, `creation_date_gmt`) VALUES (1, 1, 1, '2009-07-06 06:23:57', '2009-07-06 13:23:57');
INSERT INTO `tbl_entries` (`id`, `section_id`, `author_id`, `creation_date`, `creation_date_gmt`) VALUES (2, 1, 1, '2009-07-06 06:24:11', '2009-07-06 13:24:11');
INSERT INTO `tbl_entries` (`id`, `section_id`, `author_id`, `creation_date`, `creation_date_gmt`) VALUES (3, 5, 1, '2009-07-06 06:25:27', '2009-07-06 13:25:27');
INSERT INTO `tbl_entries` (`id`, `section_id`, `author_id`, `creation_date`, `creation_date_gmt`) VALUES (4, 5, 1, '2009-07-06 06:25:46', '2009-07-06 13:25:46');
INSERT INTO `tbl_entries` (`id`, `section_id`, `author_id`, `creation_date`, `creation_date_gmt`) VALUES (5, 5, 1, '2009-07-06 06:26:05', '2009-07-06 13:26:05');
INSERT INTO `tbl_entries` (`id`, `section_id`, `author_id`, `creation_date`, `creation_date_gmt`) VALUES (6, 5, 1, '2009-07-06 06:26:41', '2009-07-06 13:26:41');
INSERT INTO `tbl_entries` (`id`, `section_id`, `author_id`, `creation_date`, `creation_date_gmt`) VALUES (7, 5, 1, '2009-07-06 06:27:04', '2009-07-06 13:27:04');
INSERT INTO `tbl_entries` (`id`, `section_id`, `author_id`, `creation_date`, `creation_date_gmt`) VALUES (8, 6, 1, '2009-07-06 06:28:02', '2009-07-06 13:28:02');
INSERT INTO `tbl_entries` (`id`, `section_id`, `author_id`, `creation_date`, `creation_date_gmt`) VALUES (9, 6, 1, '2009-07-06 06:28:26', '2009-07-06 13:28:26');
INSERT INTO `tbl_entries` (`id`, `section_id`, `author_id`, `creation_date`, `creation_date_gmt`) VALUES (10, 6, 1, '2009-07-06 06:28:54', '2009-07-06 13:28:54');
INSERT INTO `tbl_entries` (`id`, `section_id`, `author_id`, `creation_date`, `creation_date_gmt`) VALUES (11, 2, 1, '2009-07-06 06:31:01', '2009-07-06 13:31:01');
INSERT INTO `tbl_entries` (`id`, `section_id`, `author_id`, `creation_date`, `creation_date_gmt`) VALUES (12, 3, 1, '2009-07-06 06:35:47', '2009-07-06 13:35:47');
INSERT INTO `tbl_entries` (`id`, `section_id`, `author_id`, `creation_date`, `creation_date_gmt`) VALUES (13, 3, 1, '2009-07-06 06:35:47', '2009-07-06 13:35:47');
INSERT INTO `tbl_entries` (`id`, `section_id`, `author_id`, `creation_date`, `creation_date_gmt`) VALUES (14, 4, 1, '2009-07-06 06:40:44', '2009-07-06 13:40:44');

-- *** DATA: `tbl_extensions` ***
INSERT INTO `tbl_extensions` (`id`, `name`, `status`, `version`) VALUES (22, 'collapse_sectionfields', 'enabled', 1);
INSERT INTO `tbl_extensions` (`id`, `name`, `status`, `version`) VALUES (2, 'content_type_mappings', 'enabled', 1);
INSERT INTO `tbl_extensions` (`id`, `name`, `status`, `version`) VALUES (3, 'debugdevkit', 'enabled', 1);
INSERT INTO `tbl_extensions` (`id`, `name`, `status`, `version`) VALUES (4, 'entity_diagram', 'enabled', 1.3);
INSERT INTO `tbl_extensions` (`id`, `name`, `status`, `version`) VALUES (24, 'export_ensemble', 'disabled', 1.6);
INSERT INTO `tbl_extensions` (`id`, `name`, `status`, `version`) VALUES (6, 'enhancedtaglist', 'enabled', 1.2);
INSERT INTO `tbl_extensions` (`id`, `name`, `status`, `version`) VALUES (7, 'numberfield', 'enabled', 1.4);
INSERT INTO `tbl_extensions` (`id`, `name`, `status`, `version`) VALUES (8, 'pagesfield', 'enabled', 1.2);
INSERT INTO `tbl_extensions` (`id`, `name`, `status`, `version`) VALUES (9, 'referencelink', 'enabled', 1.1);
INSERT INTO `tbl_extensions` (`id`, `name`, `status`, `version`) VALUES (10, 'reflectionfield', 'enabled', 1);
INSERT INTO `tbl_extensions` (`id`, `name`, `status`, `version`) VALUES (11, 'selectbox_link_field', 'enabled', 1.9);
INSERT INTO `tbl_extensions` (`id`, `name`, `status`, `version`) VALUES (12, 'globalparamloader', 'enabled', 1.1);
INSERT INTO `tbl_extensions` (`id`, `name`, `status`, `version`) VALUES (13, 'globalresourceloader', 'enabled', 1.001);
INSERT INTO `tbl_extensions` (`id`, `name`, `status`, `version`) VALUES (14, 'jit_image_manipulation', 'enabled', 1.02);
INSERT INTO `tbl_extensions` (`id`, `name`, `status`, `version`) VALUES (15, 'maintenance_mode', 'enabled', 1.1);
INSERT INTO `tbl_extensions` (`id`, `name`, `status`, `version`) VALUES (16, 'markdown', 'enabled', 1.8);
INSERT INTO `tbl_extensions` (`id`, `name`, `status`, `version`) VALUES (17, 'order_entries', 'enabled', 1.6);
INSERT INTO `tbl_extensions` (`id`, `name`, `status`, `version`) VALUES (18, 'profiledevkit', 'enabled', 1);
INSERT INTO `tbl_extensions` (`id`, `name`, `status`, `version`) VALUES (19, 'publishfiltering', 'enabled', 1.004);
INSERT INTO `tbl_extensions` (`id`, `name`, `status`, `version`) VALUES (20, 'section_schemas', 'enabled', 1.2);
INSERT INTO `tbl_extensions` (`id`, `name`, `status`, `version`) VALUES (23, 'logsdevkit', 'enabled', 1);
INSERT INTO `tbl_extensions` (`id`, `name`, `status`, `version`) VALUES (25, 'export_install_file', 'enabled', 1.1);

-- *** DATA: `tbl_extensions_delegates` ***
INSERT INTO `tbl_extensions_delegates` (`id`, `extension_id`, `page`, `delegate`, `callback`) VALUES (1, 2, '/frontend/', 'FrontendOutputPreGenerate', 'setContentType');
INSERT INTO `tbl_extensions_delegates` (`id`, `extension_id`, `page`, `delegate`, `callback`) VALUES (2, 3, '/frontend/', 'FrontendDevKitResolve', 'frontendDevKitResolve');
INSERT INTO `tbl_extensions_delegates` (`id`, `extension_id`, `page`, `delegate`, `callback`) VALUES (3, 3, '/frontend/', 'ManipulateDevKitNavigation', 'manipulateDevKitNavigation');
INSERT INTO `tbl_extensions_delegates` (`id`, `extension_id`, `page`, `delegate`, `callback`) VALUES (33, 25, '/system/preferences/', 'AddCustomPreferenceFieldsets', 'appendPreferences');
INSERT INTO `tbl_extensions_delegates` (`id`, `extension_id`, `page`, `delegate`, `callback`) VALUES (5, 9, '/backend/', 'InitaliseAdminPageHead', 'initializeAdmin');
INSERT INTO `tbl_extensions_delegates` (`id`, `extension_id`, `page`, `delegate`, `callback`) VALUES (6, 10, '/publish/new/', 'EntryPostCreate', 'compileBackendFields');
INSERT INTO `tbl_extensions_delegates` (`id`, `extension_id`, `page`, `delegate`, `callback`) VALUES (7, 10, '/publish/edit/', 'EntryPostEdit', 'compileBackendFields');
INSERT INTO `tbl_extensions_delegates` (`id`, `extension_id`, `page`, `delegate`, `callback`) VALUES (8, 10, '/frontend/', 'EventPostSaveFilter', 'compileFrontendFields');
INSERT INTO `tbl_extensions_delegates` (`id`, `extension_id`, `page`, `delegate`, `callback`) VALUES (9, 12, '/frontend/', 'FrontendParamsResolve', 'addParam');
INSERT INTO `tbl_extensions_delegates` (`id`, `extension_id`, `page`, `delegate`, `callback`) VALUES (10, 12, '/system/sets/', 'AddCustomPreferenceFieldsets', 'sets');
INSERT INTO `tbl_extensions_delegates` (`id`, `extension_id`, `page`, `delegate`, `callback`) VALUES (11, 13, '/frontend/', 'FrontendPageResolved', 'manipulatePageData');
INSERT INTO `tbl_extensions_delegates` (`id`, `extension_id`, `page`, `delegate`, `callback`) VALUES (12, 13, '/system/preferences/', 'AddCustomPreferenceFieldsets', 'preferences');
INSERT INTO `tbl_extensions_delegates` (`id`, `extension_id`, `page`, `delegate`, `callback`) VALUES (13, 14, '/system/preferences/', 'AddCustomPreferenceFieldsets', 'appendPreferences');
INSERT INTO `tbl_extensions_delegates` (`id`, `extension_id`, `page`, `delegate`, `callback`) VALUES (14, 14, '/system/preferences/', 'Save', '__SavePreferences');
INSERT INTO `tbl_extensions_delegates` (`id`, `extension_id`, `page`, `delegate`, `callback`) VALUES (15, 15, '/system/preferences/', 'AddCustomPreferenceFieldsets', 'appendPreferences');
INSERT INTO `tbl_extensions_delegates` (`id`, `extension_id`, `page`, `delegate`, `callback`) VALUES (16, 15, '/system/preferences/', 'Save', '__SavePreferences');
INSERT INTO `tbl_extensions_delegates` (`id`, `extension_id`, `page`, `delegate`, `callback`) VALUES (17, 15, '/system/preferences/', 'CustomActions', '__toggleMaintenanceMode');
INSERT INTO `tbl_extensions_delegates` (`id`, `extension_id`, `page`, `delegate`, `callback`) VALUES (18, 15, '/frontend/', 'FrontendPrePageResolve', '__checkForMaintenanceMode');
INSERT INTO `tbl_extensions_delegates` (`id`, `extension_id`, `page`, `delegate`, `callback`) VALUES (19, 15, '/frontend/', 'FrontendParamsResolve', '__addParam');
INSERT INTO `tbl_extensions_delegates` (`id`, `extension_id`, `page`, `delegate`, `callback`) VALUES (20, 15, '/backend/', 'AppendPageAlert', '__appendAlert');
INSERT INTO `tbl_extensions_delegates` (`id`, `extension_id`, `page`, `delegate`, `callback`) VALUES (21, 17, '/backend/', 'InitaliseAdminPageHead', 'appendScriptToHead');
INSERT INTO `tbl_extensions_delegates` (`id`, `extension_id`, `page`, `delegate`, `callback`) VALUES (22, 17, '/backend/', 'AppendElementBelowView', 'appendOrderFieldId');
INSERT INTO `tbl_extensions_delegates` (`id`, `extension_id`, `page`, `delegate`, `callback`) VALUES (23, 18, '/frontend/', 'FrontendDevKitResolve', 'frontendDevKitResolve');
INSERT INTO `tbl_extensions_delegates` (`id`, `extension_id`, `page`, `delegate`, `callback`) VALUES (24, 18, '/frontend/', 'ManipulateDevKitNavigation', 'manipulateDevKitNavigation');
INSERT INTO `tbl_extensions_delegates` (`id`, `extension_id`, `page`, `delegate`, `callback`) VALUES (25, 19, '/backend/', 'InitaliseAdminPageHead', 'initaliseAdminPageHead');
INSERT INTO `tbl_extensions_delegates` (`id`, `extension_id`, `page`, `delegate`, `callback`) VALUES (29, 22, '/backend/', 'InitaliseAdminPageHead', 'initaliseAdminPageHead');
INSERT INTO `tbl_extensions_delegates` (`id`, `extension_id`, `page`, `delegate`, `callback`) VALUES (30, 23, '/frontend/', 'FrontendDevKitResolve', 'frontendDevKitResolve');
INSERT INTO `tbl_extensions_delegates` (`id`, `extension_id`, `page`, `delegate`, `callback`) VALUES (31, 23, '/frontend/', 'ManipulateDevKitNavigation', 'manipulateDevKitNavigation');

-- *** DATA: `tbl_fields` ***
INSERT INTO `tbl_fields` (`id`, `label`, `element_name`, `type`, `parent_section`, `required`, `sortorder`, `location`, `show_column`) VALUES (1, 'Navigation', 'navigation', 'input', 1, 'yes', 0, 'main', 'yes');
INSERT INTO `tbl_fields` (`id`, `label`, `element_name`, `type`, `parent_section`, `required`, `sortorder`, `location`, `show_column`) VALUES (2, 'Description', 'description', 'textarea', 1, 'no', 1, 'main', 'yes');
INSERT INTO `tbl_fields` (`id`, `label`, `element_name`, `type`, `parent_section`, `required`, `sortorder`, `location`, `show_column`) VALUES (3, 'Title', 'title', 'input', 2, 'yes', 0, 'main', 'yes');
INSERT INTO `tbl_fields` (`id`, `label`, `element_name`, `type`, `parent_section`, `required`, `sortorder`, `location`, `show_column`) VALUES (4, 'Page', 'page', 'pages', 2, 'no', 1, 'main', 'yes');
INSERT INTO `tbl_fields` (`id`, `label`, `element_name`, `type`, `parent_section`, `required`, `sortorder`, `location`, `show_column`) VALUES (5, 'Heading', 'heading', 'input', 2, 'no', 2, 'main', 'yes');
INSERT INTO `tbl_fields` (`id`, `label`, `element_name`, `type`, `parent_section`, `required`, `sortorder`, `location`, `show_column`) VALUES (6, 'Description', 'description', 'textarea', 2, 'no', 3, 'main', 'no');
INSERT INTO `tbl_fields` (`id`, `label`, `element_name`, `type`, `parent_section`, `required`, `sortorder`, `location`, `show_column`) VALUES (7, 'Body', 'body', 'textarea', 2, 'no', 4, 'main', 'no');
INSERT INTO `tbl_fields` (`id`, `label`, `element_name`, `type`, `parent_section`, `required`, `sortorder`, `location`, `show_column`) VALUES (8, 'Navigation', 'navigation', 'selectbox_link', 2, 'no', 5, 'sidebar', 'yes');
INSERT INTO `tbl_fields` (`id`, `label`, `element_name`, `type`, `parent_section`, `required`, `sortorder`, `location`, `show_column`) VALUES (9, 'Sort', 'sort', 'order_entries', 2, 'no', 6, 'sidebar', 'yes');
INSERT INTO `tbl_fields` (`id`, `label`, `element_name`, `type`, `parent_section`, `required`, `sortorder`, `location`, `show_column`) VALUES (10, 'Publish', 'publish', 'checkbox', 2, 'no', 7, 'sidebar', 'yes');
INSERT INTO `tbl_fields` (`id`, `label`, `element_name`, `type`, `parent_section`, `required`, `sortorder`, `location`, `show_column`) VALUES (11, 'Title', 'title', 'input', 3, 'yes', 0, 'main', 'yes');
INSERT INTO `tbl_fields` (`id`, `label`, `element_name`, `type`, `parent_section`, `required`, `sortorder`, `location`, `show_column`) VALUES (12, 'Heading', 'heading', 'input', 3, 'no', 1, 'main', 'no');
INSERT INTO `tbl_fields` (`id`, `label`, `element_name`, `type`, `parent_section`, `required`, `sortorder`, `location`, `show_column`) VALUES (13, 'Description', 'description', 'textarea', 3, 'no', 2, 'main', 'no');
INSERT INTO `tbl_fields` (`id`, `label`, `element_name`, `type`, `parent_section`, `required`, `sortorder`, `location`, `show_column`) VALUES (14, 'Body', 'body', 'textarea', 3, 'no', 3, 'main', 'no');
INSERT INTO `tbl_fields` (`id`, `label`, `element_name`, `type`, `parent_section`, `required`, `sortorder`, `location`, `show_column`) VALUES (15, 'Images', 'images', 'referencelink', 3, 'no', 4, 'main', 'no');
INSERT INTO `tbl_fields` (`id`, `label`, `element_name`, `type`, `parent_section`, `required`, `sortorder`, `location`, `show_column`) VALUES (16, 'Files', 'files', 'referencelink', 3, 'no', 5, 'main', 'no');
INSERT INTO `tbl_fields` (`id`, `label`, `element_name`, `type`, `parent_section`, `required`, `sortorder`, `location`, `show_column`) VALUES (17, 'Section', 'section', 'selectbox_link', 3, 'no', 6, 'sidebar', 'no');
INSERT INTO `tbl_fields` (`id`, `label`, `element_name`, `type`, `parent_section`, `required`, `sortorder`, `location`, `show_column`) VALUES (18, 'Categories', 'categories', 'selectbox_link', 3, 'no', 7, 'sidebar', 'no');
INSERT INTO `tbl_fields` (`id`, `label`, `element_name`, `type`, `parent_section`, `required`, `sortorder`, `location`, `show_column`) VALUES (19, 'Tags', 'tags', 'enhancedtaglist', 3, 'no', 8, 'sidebar', 'no');
INSERT INTO `tbl_fields` (`id`, `label`, `element_name`, `type`, `parent_section`, `required`, `sortorder`, `location`, `show_column`) VALUES (20, 'Date', 'date', 'date', 3, 'no', 9, 'sidebar', 'yes');
INSERT INTO `tbl_fields` (`id`, `label`, `element_name`, `type`, `parent_section`, `required`, `sortorder`, `location`, `show_column`) VALUES (21, 'Author', 'author', 'author', 3, 'no', 10, 'sidebar', 'yes');
INSERT INTO `tbl_fields` (`id`, `label`, `element_name`, `type`, `parent_section`, `required`, `sortorder`, `location`, `show_column`) VALUES (22, 'Publish', 'publish', 'checkbox', 3, 'no', 11, 'sidebar', 'yes');
INSERT INTO `tbl_fields` (`id`, `label`, `element_name`, `type`, `parent_section`, `required`, `sortorder`, `location`, `show_column`) VALUES (23, 'Enable Comments', 'enable-comments', 'checkbox', 3, 'no', 12, 'sidebar', 'yes');
INSERT INTO `tbl_fields` (`id`, `label`, `element_name`, `type`, `parent_section`, `required`, `sortorder`, `location`, `show_column`) VALUES (24, 'Title', 'title', 'input', 4, 'yes', 0, 'main', 'yes');
INSERT INTO `tbl_fields` (`id`, `label`, `element_name`, `type`, `parent_section`, `required`, `sortorder`, `location`, `show_column`) VALUES (25, 'Type', 'type', 'selectbox_link', 4, 'yes', 1, 'main', 'yes');
INSERT INTO `tbl_fields` (`id`, `label`, `element_name`, `type`, `parent_section`, `required`, `sortorder`, `location`, `show_column`) VALUES (26, 'URL', 'url', 'input', 4, 'no', 2, 'main', 'no');
INSERT INTO `tbl_fields` (`id`, `label`, `element_name`, `type`, `parent_section`, `required`, `sortorder`, `location`, `show_column`) VALUES (27, 'Description', 'description', 'textarea', 4, 'no', 3, 'main', 'no');
INSERT INTO `tbl_fields` (`id`, `label`, `element_name`, `type`, `parent_section`, `required`, `sortorder`, `location`, `show_column`) VALUES (28, 'Body', 'body', 'textarea', 4, 'no', 4, 'main', 'no');
INSERT INTO `tbl_fields` (`id`, `label`, `element_name`, `type`, `parent_section`, `required`, `sortorder`, `location`, `show_column`) VALUES (29, 'Date', 'date', 'date', 4, 'no', 5, 'sidebar', 'yes');
INSERT INTO `tbl_fields` (`id`, `label`, `element_name`, `type`, `parent_section`, `required`, `sortorder`, `location`, `show_column`) VALUES (30, 'Author', 'author', 'author', 4, 'no', 6, 'sidebar', 'yes');
INSERT INTO `tbl_fields` (`id`, `label`, `element_name`, `type`, `parent_section`, `required`, `sortorder`, `location`, `show_column`) VALUES (31, 'Category', 'category', 'selectbox_link', 4, 'no', 7, 'sidebar', 'no');
INSERT INTO `tbl_fields` (`id`, `label`, `element_name`, `type`, `parent_section`, `required`, `sortorder`, `location`, `show_column`) VALUES (32, 'Tags', 'tags', 'enhancedtaglist', 4, 'no', 8, 'sidebar', 'no');
INSERT INTO `tbl_fields` (`id`, `label`, `element_name`, `type`, `parent_section`, `required`, `sortorder`, `location`, `show_column`) VALUES (33, 'Publish', 'publish', 'checkbox', 4, 'no', 9, 'sidebar', 'yes');
INSERT INTO `tbl_fields` (`id`, `label`, `element_name`, `type`, `parent_section`, `required`, `sortorder`, `location`, `show_column`) VALUES (34, 'Enable Comments', 'enable-comments', 'checkbox', 4, 'no', 10, 'sidebar', 'yes');
INSERT INTO `tbl_fields` (`id`, `label`, `element_name`, `type`, `parent_section`, `required`, `sortorder`, `location`, `show_column`) VALUES (35, 'Image', 'image', 'upload', 4, 'no', 11, 'main', 'no');
INSERT INTO `tbl_fields` (`id`, `label`, `element_name`, `type`, `parent_section`, `required`, `sortorder`, `location`, `show_column`) VALUES (36, 'File', 'file', 'upload', 4, 'no', 12, 'main', 'no');
INSERT INTO `tbl_fields` (`id`, `label`, `element_name`, `type`, `parent_section`, `required`, `sortorder`, `location`, `show_column`) VALUES (37, 'Title', 'title', 'input', 5, 'yes', 0, 'main', 'yes');
INSERT INTO `tbl_fields` (`id`, `label`, `element_name`, `type`, `parent_section`, `required`, `sortorder`, `location`, `show_column`) VALUES (38, 'Description', 'description', 'textarea', 5, 'no', 1, 'main', 'yes');
INSERT INTO `tbl_fields` (`id`, `label`, `element_name`, `type`, `parent_section`, `required`, `sortorder`, `location`, `show_column`) VALUES (39, 'Title', 'title', 'input', 6, 'yes', 0, 'main', 'yes');
INSERT INTO `tbl_fields` (`id`, `label`, `element_name`, `type`, `parent_section`, `required`, `sortorder`, `location`, `show_column`) VALUES (40, 'Description', 'description', 'textarea', 6, 'no', 1, 'main', 'yes');
INSERT INTO `tbl_fields` (`id`, `label`, `element_name`, `type`, `parent_section`, `required`, `sortorder`, `location`, `show_column`) VALUES (41, 'Body', 'body', 'textarea', 6, 'no', 2, 'main', 'no');
INSERT INTO `tbl_fields` (`id`, `label`, `element_name`, `type`, `parent_section`, `required`, `sortorder`, `location`, `show_column`) VALUES (42, 'Author', 'author', 'input', 7, 'yes', 0, 'main', 'yes');
INSERT INTO `tbl_fields` (`id`, `label`, `element_name`, `type`, `parent_section`, `required`, `sortorder`, `location`, `show_column`) VALUES (43, 'Email', 'email', 'input', 7, 'yes', 1, 'main', 'no');
INSERT INTO `tbl_fields` (`id`, `label`, `element_name`, `type`, `parent_section`, `required`, `sortorder`, `location`, `show_column`) VALUES (44, 'Website', 'website', 'input', 7, 'no', 2, 'main', 'no');
INSERT INTO `tbl_fields` (`id`, `label`, `element_name`, `type`, `parent_section`, `required`, `sortorder`, `location`, `show_column`) VALUES (45, 'Date', 'date', 'date', 7, 'no', 3, 'main', 'yes');
INSERT INTO `tbl_fields` (`id`, `label`, `element_name`, `type`, `parent_section`, `required`, `sortorder`, `location`, `show_column`) VALUES (46, 'Entry', 'entry', 'selectbox_link', 7, 'no', 4, 'sidebar', 'no');
INSERT INTO `tbl_fields` (`id`, `label`, `element_name`, `type`, `parent_section`, `required`, `sortorder`, `location`, `show_column`) VALUES (47, 'Item', 'item', 'selectbox_link', 7, 'no', 5, 'sidebar', 'no');
INSERT INTO `tbl_fields` (`id`, `label`, `element_name`, `type`, `parent_section`, `required`, `sortorder`, `location`, `show_column`) VALUES (48, 'Comment', 'comment', 'textarea', 7, 'yes', 6, 'sidebar', 'yes');
INSERT INTO `tbl_fields` (`id`, `label`, `element_name`, `type`, `parent_section`, `required`, `sortorder`, `location`, `show_column`) VALUES (49, 'Publish', 'publish', 'checkbox', 7, 'no', 7, 'sidebar', 'yes');
INSERT INTO `tbl_fields` (`id`, `label`, `element_name`, `type`, `parent_section`, `required`, `sortorder`, `location`, `show_column`) VALUES (50, 'Name', 'name', 'input', 8, 'yes', 0, 'main', 'yes');
INSERT INTO `tbl_fields` (`id`, `label`, `element_name`, `type`, `parent_section`, `required`, `sortorder`, `location`, `show_column`) VALUES (51, 'Email', 'email', 'input', 8, 'no', 1, 'main', 'yes');
INSERT INTO `tbl_fields` (`id`, `label`, `element_name`, `type`, `parent_section`, `required`, `sortorder`, `location`, `show_column`) VALUES (52, 'Subject', 'subject', 'input', 8, 'no', 2, 'main', 'yes');
INSERT INTO `tbl_fields` (`id`, `label`, `element_name`, `type`, `parent_section`, `required`, `sortorder`, `location`, `show_column`) VALUES (53, 'Message', 'message', 'textarea', 8, 'no', 3, 'sidebar', 'no');
INSERT INTO `tbl_fields` (`id`, `label`, `element_name`, `type`, `parent_section`, `required`, `sortorder`, `location`, `show_column`) VALUES (54, 'Date', 'date', 'date', 9, 'no', 0, 'main', 'yes');
INSERT INTO `tbl_fields` (`id`, `label`, `element_name`, `type`, `parent_section`, `required`, `sortorder`, `location`, `show_column`) VALUES (55, 'Note', 'note', 'textarea', 9, 'yes', 1, 'main', 'yes');
INSERT INTO `tbl_fields` (`id`, `label`, `element_name`, `type`, `parent_section`, `required`, `sortorder`, `location`, `show_column`) VALUES (56, 'Title', 'title', 'input', 10, 'no', 0, 'main', 'yes');
INSERT INTO `tbl_fields` (`id`, `label`, `element_name`, `type`, `parent_section`, `required`, `sortorder`, `location`, `show_column`) VALUES (57, 'Description', 'description', 'textarea', 10, 'no', 1, 'main', 'no');
INSERT INTO `tbl_fields` (`id`, `label`, `element_name`, `type`, `parent_section`, `required`, `sortorder`, `location`, `show_column`) VALUES (58, 'File', 'file', 'upload', 10, 'yes', 2, 'main', 'yes');
INSERT INTO `tbl_fields` (`id`, `label`, `element_name`, `type`, `parent_section`, `required`, `sortorder`, `location`, `show_column`) VALUES (59, 'Title', 'title', 'input', 11, 'no', 0, 'main', 'yes');
INSERT INTO `tbl_fields` (`id`, `label`, `element_name`, `type`, `parent_section`, `required`, `sortorder`, `location`, `show_column`) VALUES (60, 'Caption', 'caption', 'textarea', 11, 'no', 1, 'main', 'yes');
INSERT INTO `tbl_fields` (`id`, `label`, `element_name`, `type`, `parent_section`, `required`, `sortorder`, `location`, `show_column`) VALUES (61, 'Description', 'description', 'textarea', 11, 'no', 2, 'main', 'no');
INSERT INTO `tbl_fields` (`id`, `label`, `element_name`, `type`, `parent_section`, `required`, `sortorder`, `location`, `show_column`) VALUES (62, 'Image', 'image', 'upload', 11, 'yes', 3, 'main', 'yes');
INSERT INTO `tbl_fields` (`id`, `label`, `element_name`, `type`, `parent_section`, `required`, `sortorder`, `location`, `show_column`) VALUES (63, 'Title', 'title', 'input', 12, 'no', 0, 'main', 'yes');
INSERT INTO `tbl_fields` (`id`, `label`, `element_name`, `type`, `parent_section`, `required`, `sortorder`, `location`, `show_column`) VALUES (64, 'Link', 'link', 'input', 12, 'no', 1, 'main', 'yes');
INSERT INTO `tbl_fields` (`id`, `label`, `element_name`, `type`, `parent_section`, `required`, `sortorder`, `location`, `show_column`) VALUES (65, 'Created', 'created', 'date', 12, 'no', 2, 'main', 'yes');
INSERT INTO `tbl_fields` (`id`, `label`, `element_name`, `type`, `parent_section`, `required`, `sortorder`, `location`, `show_column`) VALUES (66, 'Client', 'client', 'input', 12, 'no', 3, 'main', 'no');
INSERT INTO `tbl_fields` (`id`, `label`, `element_name`, `type`, `parent_section`, `required`, `sortorder`, `location`, `show_column`) VALUES (67, 'Project', 'project', 'input', 12, 'no', 4, 'main', 'no');
INSERT INTO `tbl_fields` (`id`, `label`, `element_name`, `type`, `parent_section`, `required`, `sortorder`, `location`, `show_column`) VALUES (68, 'Media', 'media', 'selectbox_link', 12, 'no', 5, 'main', 'no');
INSERT INTO `tbl_fields` (`id`, `label`, `element_name`, `type`, `parent_section`, `required`, `sortorder`, `location`, `show_column`) VALUES (69, 'Description', 'description', 'textarea', 12, 'no', 6, 'main', 'no');
INSERT INTO `tbl_fields` (`id`, `label`, `element_name`, `type`, `parent_section`, `required`, `sortorder`, `location`, `show_column`) VALUES (70, 'Body', 'body', 'textarea', 12, 'no', 7, 'main', 'no');
INSERT INTO `tbl_fields` (`id`, `label`, `element_name`, `type`, `parent_section`, `required`, `sortorder`, `location`, `show_column`) VALUES (71, 'Firm', 'firm', 'input', 12, 'no', 8, 'sidebar', 'no');
INSERT INTO `tbl_fields` (`id`, `label`, `element_name`, `type`, `parent_section`, `required`, `sortorder`, `location`, `show_column`) VALUES (72, 'Type', 'type', 'select', 12, 'no', 9, 'sidebar', 'no');
INSERT INTO `tbl_fields` (`id`, `label`, `element_name`, `type`, `parent_section`, `required`, `sortorder`, `location`, `show_column`) VALUES (73, 'Creative Direction', 'creative-direction', 'input', 12, 'no', 10, 'sidebar', 'no');
INSERT INTO `tbl_fields` (`id`, `label`, `element_name`, `type`, `parent_section`, `required`, `sortorder`, `location`, `show_column`) VALUES (74, 'Art Direction', 'art-direction', 'input', 12, 'no', 11, 'sidebar', 'no');
INSERT INTO `tbl_fields` (`id`, `label`, `element_name`, `type`, `parent_section`, `required`, `sortorder`, `location`, `show_column`) VALUES (75, 'Design', 'design', 'input', 12, 'no', 12, 'sidebar', 'no');
INSERT INTO `tbl_fields` (`id`, `label`, `element_name`, `type`, `parent_section`, `required`, `sortorder`, `location`, `show_column`) VALUES (76, 'Photography', 'photography', 'input', 12, 'no', 13, 'sidebar', 'no');
INSERT INTO `tbl_fields` (`id`, `label`, `element_name`, `type`, `parent_section`, `required`, `sortorder`, `location`, `show_column`) VALUES (77, 'Printing', 'printing', 'input', 12, 'no', 14, 'sidebar', 'no');
INSERT INTO `tbl_fields` (`id`, `label`, `element_name`, `type`, `parent_section`, `required`, `sortorder`, `location`, `show_column`) VALUES (78, 'Copywriting', 'copywriting', 'input', 12, 'no', 15, 'sidebar', 'no');
INSERT INTO `tbl_fields` (`id`, `label`, `element_name`, `type`, `parent_section`, `required`, `sortorder`, `location`, `show_column`) VALUES (79, 'Image', 'image', 'upload', 12, 'no', 16, 'main', 'yes');
INSERT INTO `tbl_fields` (`id`, `label`, `element_name`, `type`, `parent_section`, `required`, `sortorder`, `location`, `show_column`) VALUES (80, 'Preview', 'preview', 'upload', 12, 'no', 17, 'main', 'no');
INSERT INTO `tbl_fields` (`id`, `label`, `element_name`, `type`, `parent_section`, `required`, `sortorder`, `location`, `show_column`) VALUES (81, 'Preview Off', 'preview-off', 'upload', 12, 'no', 18, 'main', 'no');
INSERT INTO `tbl_fields` (`id`, `label`, `element_name`, `type`, `parent_section`, `required`, `sortorder`, `location`, `show_column`) VALUES (82, 'Thumbnail', 'thumbnail', 'upload', 12, 'no', 19, 'main', 'no');
INSERT INTO `tbl_fields` (`id`, `label`, `element_name`, `type`, `parent_section`, `required`, `sortorder`, `location`, `show_column`) VALUES (83, 'Thumbnail Off', 'thumbnail-off', 'upload', 12, 'no', 20, 'main', 'no');

-- *** DATA: `tbl_pages` ***
INSERT INTO `tbl_pages` (`id`, `parent`, `title`, `handle`, `path`, `params`, `data_sources`, `events`, `sortorder`) VALUES (1, NULL, 'Home', 'home', NULL, 'category', 'homepage_articles,navigation,notes', 'login', 1);

-- *** DATA: `tbl_pages_types` ***
INSERT INTO `tbl_pages_types` (`id`, `page_id`, `type`) VALUES (10, 1, 'index');

-- *** DATA: `tbl_sections` ***
INSERT INTO `tbl_sections` (`id`, `name`, `handle`, `sortorder`, `entry_order`, `entry_order_direction`, `hidden`, `navigation_group`) VALUES (1, 'Menu', 'menu', 3, NULL, 'asc', 'no', 'Meta');
INSERT INTO `tbl_sections` (`id`, `name`, `handle`, `sortorder`, `entry_order`, `entry_order_direction`, `hidden`, `navigation_group`) VALUES (2, 'Sections', 'sections', 0, NULL, 'asc', 'no', 'Content');
INSERT INTO `tbl_sections` (`id`, `name`, `handle`, `sortorder`, `entry_order`, `entry_order_direction`, `hidden`, `navigation_group`) VALUES (3, 'Entries', 'entries', 1, NULL, 'asc', 'no', 'Content');
INSERT INTO `tbl_sections` (`id`, `name`, `handle`, `sortorder`, `entry_order`, `entry_order_direction`, `hidden`, `navigation_group`) VALUES (4, 'Items', 'items', 2, NULL, 'asc', 'no', 'Content');
INSERT INTO `tbl_sections` (`id`, `name`, `handle`, `sortorder`, `entry_order`, `entry_order_direction`, `hidden`, `navigation_group`) VALUES (5, 'Types', 'types', 4, NULL, 'asc', 'no', 'Meta');
INSERT INTO `tbl_sections` (`id`, `name`, `handle`, `sortorder`, `entry_order`, `entry_order_direction`, `hidden`, `navigation_group`) VALUES (6, 'Categories', 'categories', 5, NULL, 'asc', 'no', 'Meta');
INSERT INTO `tbl_sections` (`id`, `name`, `handle`, `sortorder`, `entry_order`, `entry_order_direction`, `hidden`, `navigation_group`) VALUES (7, 'Comments', 'comments', 6, NULL, 'asc', 'no', 'Social');
INSERT INTO `tbl_sections` (`id`, `name`, `handle`, `sortorder`, `entry_order`, `entry_order_direction`, `hidden`, `navigation_group`) VALUES (8, 'Messages', 'messages', 7, NULL, 'asc', 'no', 'Social');
INSERT INTO `tbl_sections` (`id`, `name`, `handle`, `sortorder`, `entry_order`, `entry_order_direction`, `hidden`, `navigation_group`) VALUES (9, 'Notes', 'notes', 8, NULL, 'asc', 'no', 'Social');
INSERT INTO `tbl_sections` (`id`, `name`, `handle`, `sortorder`, `entry_order`, `entry_order_direction`, `hidden`, `navigation_group`) VALUES (10, 'Files', 'files', 9, NULL, 'asc', 'no', 'Assets');
INSERT INTO `tbl_sections` (`id`, `name`, `handle`, `sortorder`, `entry_order`, `entry_order_direction`, `hidden`, `navigation_group`) VALUES (11, 'Images', 'images', 10, NULL, 'asc', 'no', 'Assets');
INSERT INTO `tbl_sections` (`id`, `name`, `handle`, `sortorder`, `entry_order`, `entry_order_direction`, `hidden`, `navigation_group`) VALUES (12, 'Portfolio', 'portfolio', 11, NULL, 'asc', 'no', 'Assets');

-- *** DATA: `tbl_sections_association` ***
INSERT INTO `tbl_sections_association` (`id`, `parent_section_id`, `parent_section_field_id`, `child_section_id`, `child_section_field_id`, `cascading_deletion`) VALUES (9, 1, 1, 2, 8, 'no');
INSERT INTO `tbl_sections_association` (`id`, `parent_section_id`, `parent_section_field_id`, `child_section_id`, `child_section_field_id`, `cascading_deletion`) VALUES (17, 4, 24, 3, 15, 'no');
INSERT INTO `tbl_sections_association` (`id`, `parent_section_id`, `parent_section_field_id`, `child_section_id`, `child_section_field_id`, `cascading_deletion`) VALUES (18, 4, 24, 3, 16, 'no');
INSERT INTO `tbl_sections_association` (`id`, `parent_section_id`, `parent_section_field_id`, `child_section_id`, `child_section_field_id`, `cascading_deletion`) VALUES (19, 2, 3, 3, 17, 'no');
INSERT INTO `tbl_sections_association` (`id`, `parent_section_id`, `parent_section_field_id`, `child_section_id`, `child_section_field_id`, `cascading_deletion`) VALUES (21, 5, 37, 4, 25, 'no');
INSERT INTO `tbl_sections_association` (`id`, `parent_section_id`, `parent_section_field_id`, `child_section_id`, `child_section_field_id`, `cascading_deletion`) VALUES (22, 6, 39, 4, 31, 'no');
INSERT INTO `tbl_sections_association` (`id`, `parent_section_id`, `parent_section_field_id`, `child_section_id`, `child_section_field_id`, `cascading_deletion`) VALUES (20, 6, 39, 3, 18, 'no');
INSERT INTO `tbl_sections_association` (`id`, `parent_section_id`, `parent_section_field_id`, `child_section_id`, `child_section_field_id`, `cascading_deletion`) VALUES (23, 3, 11, 7, 46, 'no');
INSERT INTO `tbl_sections_association` (`id`, `parent_section_id`, `parent_section_field_id`, `child_section_id`, `child_section_field_id`, `cascading_deletion`) VALUES (24, 4, 24, 7, 47, 'no');
INSERT INTO `tbl_sections_association` (`id`, `parent_section_id`, `parent_section_field_id`, `child_section_id`, `child_section_field_id`, `cascading_deletion`) VALUES (25, 5, 37, 12, 68, 'no');
